equivalence_group,RequiredLevel,ItemLevel,quality,eligible_profile_count,items_placed,dominant_profile,dominant_profile_share,distribution_entropy,warning
item-level=100;required-level=62;candidate-band=96-106-62-67,62,100,2,1,131,map_557_difficulty_0,1.0,-0.0,False
item-level=100;required-level=62;candidate-band=96-106-62-67,62,100,3,1,115,map_557_difficulty_0,1.0,-0.0,False
item-level=100;required-level=63;candidate-band=96-106-62-67,63,100,2,1,115,map_557_difficulty_0,1.0,-0.0,False
item-level=100;required-level=63;candidate-band=96-106-62-67,63,100,3,1,103,map_557_difficulty_0,1.0,-0.0,False
item-level=101;required-level=62;candidate-band=96-106-62-67,62,101,2,1,22,map_557_difficulty_0,1.0,-0.0,False
item-level=101;required-level=62;candidate-band=96-106-62-67,62,101,3,1,27,map_557_difficulty_0,1.0,-0.0,False
item-level=101;required-level=63;candidate-band=96-106-62-67,63,101,2,1,113,map_557_difficulty_0,1.0,-0.0,False
item-level=101;required-level=63;candidate-band=96-106-62-67,63,101,3,1,95,map_557_difficulty_0,1.0,-0.0,False
item-level=102;required-level=63;candidate-band=96-106-62-67,63,102,2,1,116,map_557_difficulty_0,1.0,-0.0,False
item-level=102;required-level=63;candidate-band=96-106-62-67,63,102,3,1,87,map_557_difficulty_0,1.0,-0.0,False
item-level=102;required-level=64;candidate-band=96-106-62-67,64,102,2,1,23,map_557_difficulty_0,1.0,-0.0,False
item-level=102;required-level=64;candidate-band=96-106-62-67,64,102,3,1,26,map_557_difficulty_0,1.0,-0.0,False
item-level=103;required-level=63;candidate-band=96-106-62-67,63,103,2,1,120,map_557_difficulty_0,1.0,-0.0,False
item-level=103;required-level=63;candidate-band=96-106-62-67,63,103,3,1,114,map_557_difficulty_0,1.0,-0.0,False
item-level=103;required-level=64;candidate-band=96-106-62-67,64,103,2,1,128,map_557_difficulty_0,1.0,-0.0,False
item-level=103;required-level=64;candidate-band=96-106-62-67,64,103,3,1,107,map_557_difficulty_0,1.0,-0.0,False
item-level=104;required-level=63;candidate-band=96-106-62-67,63,104,2,1,107,map_557_difficulty_0,1.0,-0.0,False
item-level=104;required-level=63;candidate-band=96-106-62-67,63,104,3,1,99,map_557_difficulty_0,1.0,-0.0,False
item-level=104;required-level=64;candidate-band=96-106-62-67,64,104,2,1,116,map_557_difficulty_0,1.0,-0.0,False
item-level=104;required-level=64;candidate-band=96-106-62-67,64,104,3,1,101,map_557_difficulty_0,1.0,-0.0,False
item-level=105;required-level=64;candidate-band=96-106-62-67,64,105,2,1,113,map_557_difficulty_0,1.0,-0.0,False
item-level=105;required-level=64;candidate-band=96-106-62-67,64,105,3,1,106,map_557_difficulty_0,1.0,-0.0,False
item-level=106;required-level=64;candidate-band=96-106-62-67,64,106,2,1,101,map_557_difficulty_0,1.0,-0.0,False
item-level=106;required-level=64;candidate-band=96-106-62-67,64,106,3,1,95,map_557_difficulty_0,1.0,-0.0,False
item-level=106;required-level=65;candidate-band=96-106-62-67,65,106,2,1,45,map_557_difficulty_0,1.0,-0.0,False
item-level=106;required-level=65;candidate-band=96-106-62-67,65,106,3,1,41,map_557_difficulty_0,1.0,-0.0,False
item-level=112;required-level=68;candidate-band=110-115-68-70,68,112,4,1,10,map_542_difficulty_1,1.0,-0.0,False
"item-level=112;required-level=68;candidate-band=110-115-68-70,112-112-68-68,112-115-68-70",68,112,2,10,82,map_555_difficulty_1,0.13414634146341464,2.2726771883464854,False
"item-level=112;required-level=68;candidate-band=110-115-68-70,112-112-68-68,112-115-68-70",68,112,3,10,67,map_543_difficulty_1,0.13432835820895522,2.2706157790644923,False
item-level=113;required-level=68;candidate-band=110-115-68-70,68,113,4,1,9,map_542_difficulty_1,1.0,-0.0,False
"item-level=113;required-level=68;candidate-band=110-115-68-70,112-115-68-70",68,113,2,8,68,map_555_difficulty_0,0.17647058823529413,2.049714961056433,False
"item-level=113;required-level=68;candidate-band=110-115-68-70,112-115-68-70",68,113,3,8,66,map_555_difficulty_1,0.19696969696969696,1.9866850576342234,False
item-level=114;required-level=68;candidate-band=110-115-68-70,68,114,4,1,5,map_542_difficulty_1,1.0,-0.0,False
"item-level=114;required-level=68;candidate-band=110-115-68-70,112-115-68-70",68,114,2,8,86,map_555_difficulty_0,0.20930232558139536,1.9855360422815906,False
"item-level=114;required-level=68;candidate-band=110-115-68-70,112-115-68-70",68,114,3,8,76,map_543_difficulty_1,0.2631578947368421,1.986273055000399,False
item-level=115;required-level=68;candidate-band=110-115-68-70,68,115,4,1,11,map_542_difficulty_1,1.0,-0.0,False
"item-level=115;required-level=68;candidate-band=110-115-68-70,112-115-68-70,115-115-68-70",68,115,2,9,67,map_543_difficulty_1,0.1791044776119403,2.14844215965771,False
"item-level=115;required-level=68;candidate-band=110-115-68-70,112-115-68-70,115-115-68-70",68,115,3,9,72,map_545_difficulty_0,0.16666666666666666,2.1425620145807316,False
item-level=128;required-level=70;candidate-band=128-128-70-70,70,128,2,3,69,map_550_difficulty_0,0.42028985507246375,1.0557167702091448,False
item-level=128;required-level=70;candidate-band=128-128-70-70,70,128,3,3,87,map_548_difficulty_0,0.41379310344827586,1.0789978332763004,False
item-level=128;required-level=70;candidate-band=128-128-70-70,70,128,4,3,25,map_550_difficulty_0,0.52,1.018359734765894,False
"item-level=129;required-level=70;candidate-band=128-132-70-70,128-134-70-70",70,129,2,3,57,map_548_difficulty_0,0.42105263157894735,1.0357616217878556,False
"item-level=129;required-level=70;candidate-band=128-132-70-70,128-134-70-70",70,129,3,3,85,map_568_difficulty_0,0.4117647058823529,1.0847573262663317,False
"item-level=129;required-level=70;candidate-band=128-132-70-70,128-134-70-70",70,129,4,3,20,map_548_difficulty_0,0.4,1.080527626604172,False
"item-level=130;required-level=70;candidate-band=128-132-70-70,128-134-70-70",70,130,2,3,56,map_568_difficulty_0,0.35714285714285715,1.0963586028030445,False
"item-level=130;required-level=70;candidate-band=128-132-70-70,128-134-70-70",70,130,3,3,94,map_548_difficulty_0,0.3723404255319149,1.0944382740138898,False
"item-level=130;required-level=70;candidate-band=128-132-70-70,128-134-70-70",70,130,4,3,20,map_550_difficulty_0,0.45,1.0486537893593546,False
"item-level=131;required-level=70;candidate-band=128-132-70-70,128-134-70-70",70,131,2,3,81,map_550_difficulty_0,0.4567901234567901,1.0659327260847573,False
"item-level=131;required-level=70;candidate-band=128-132-70-70,128-134-70-70",70,131,3,3,91,map_548_difficulty_0,0.4175824175824176,1.0822672430419777,False
"item-level=131;required-level=70;candidate-band=128-132-70-70,128-134-70-70",70,131,4,3,22,map_568_difficulty_0,0.36363636363636365,1.0900596587107838,False
"item-level=132;required-level=70;candidate-band=128-132-70-70,128-134-70-70",70,132,2,3,59,map_568_difficulty_0,0.3559322033898305,1.096583065848047,False
"item-level=132;required-level=70;candidate-band=128-132-70-70,128-134-70-70",70,132,3,3,105,map_568_difficulty_0,0.3619047619047619,1.0950216911759791,False
"item-level=132;required-level=70;candidate-band=128-132-70-70,128-134-70-70",70,132,4,3,16,map_568_difficulty_0,0.375,1.0821955300387673,False
"item-level=133;required-level=70;candidate-band=128-134-70-70,132-138-70-70",70,133,2,3,69,map_548_difficulty_0,0.37681159420289856,1.090220381103468,False
"item-level=133;required-level=70;candidate-band=128-134-70-70,132-138-70-70",70,133,3,3,99,map_548_difficulty_0,0.35353535353535354,1.0973871731693086,False
"item-level=133;required-level=70;candidate-band=128-134-70-70,132-138-70-70",70,133,4,3,14,map_550_difficulty_0,0.5,1.0346012329101812,False
"item-level=134;required-level=70;candidate-band=128-134-70-70,132-138-70-70",70,134,2,3,74,map_568_difficulty_0,0.40540540540540543,1.0866696930902915,False
"item-level=134;required-level=70;candidate-band=128-134-70-70,132-138-70-70",70,134,3,3,87,map_568_difficulty_0,0.367816091954023,1.0933636823194006,False
"item-level=134;required-level=70;candidate-band=128-134-70-70,132-138-70-70",70,134,4,3,24,map_568_difficulty_0,0.4583333333333333,1.024010220294295,False
item-level=167;required-level=76;candidate-band=166-179-76-76,76,167,2,1,61,map_604_difficulty_0,1.0,-0.0,False
item-level=167;required-level=76;candidate-band=166-179-76-76,76,167,3,1,105,map_604_difficulty_0,1.0,-0.0,False
item-level=168;required-level=76;candidate-band=166-179-76-76,76,168,2,1,62,map_604_difficulty_0,1.0,-0.0,False
item-level=168;required-level=76;candidate-band=166-179-76-76,76,168,3,1,97,map_604_difficulty_0,1.0,-0.0,False
item-level=169;required-level=76;candidate-band=166-179-76-76,76,169,2,1,51,map_604_difficulty_0,1.0,-0.0,False
item-level=169;required-level=76;candidate-band=166-179-76-76,76,169,3,1,113,map_604_difficulty_0,1.0,-0.0,False
item-level=16;required-level=11;candidate-band=16-21-11-16,11,16,2,1,111,map_36_difficulty_0,1.0,-0.0,False
item-level=16;required-level=11;candidate-band=16-21-11-16,11,16,3,1,27,map_36_difficulty_0,1.0,-0.0,False
item-level=16;required-level=12;candidate-band=16-21-11-16,12,16,2,1,113,map_36_difficulty_0,1.0,-0.0,False
item-level=16;required-level=12;candidate-band=16-21-11-16,12,16,3,1,27,map_36_difficulty_0,1.0,-0.0,False
item-level=16;required-level=13;candidate-band=16-21-11-16,13,16,2,1,133,map_36_difficulty_0,1.0,-0.0,False
item-level=16;required-level=13;candidate-band=16-21-11-16,13,16,3,1,27,map_36_difficulty_0,1.0,-0.0,False
item-level=16;required-level=14;candidate-band=16-21-11-16,14,16,2,1,120,map_36_difficulty_0,1.0,-0.0,False
item-level=16;required-level=14;candidate-band=16-21-11-16,14,16,3,1,20,map_36_difficulty_0,1.0,-0.0,False
item-level=16;required-level=15;candidate-band=16-21-11-16,15,16,2,1,113,map_36_difficulty_0,1.0,-0.0,False
item-level=16;required-level=15;candidate-band=16-21-11-16,15,16,3,1,25,map_36_difficulty_0,1.0,-0.0,False
item-level=170;required-level=76;candidate-band=166-179-76-76,76,170,2,1,55,map_604_difficulty_0,1.0,-0.0,False
item-level=170;required-level=76;candidate-band=166-179-76-76,76,170,3,1,92,map_604_difficulty_0,1.0,-0.0,False
item-level=171;required-level=76;candidate-band=166-179-76-76,76,171,2,1,62,map_604_difficulty_0,1.0,-0.0,False
item-level=171;required-level=76;candidate-band=166-179-76-76,76,171,3,1,86,map_604_difficulty_0,1.0,-0.0,False
item-level=172;required-level=76;candidate-band=166-179-76-76,76,172,2,1,67,map_604_difficulty_0,1.0,-0.0,False
item-level=172;required-level=76;candidate-band=166-179-76-76,76,172,3,1,87,map_604_difficulty_0,1.0,-0.0,False
item-level=173;required-level=76;candidate-band=166-179-76-76,76,173,2,1,41,map_604_difficulty_0,1.0,-0.0,False
item-level=173;required-level=76;candidate-band=166-179-76-76,76,173,3,1,101,map_604_difficulty_0,1.0,-0.0,False
item-level=174;required-level=76;candidate-band=166-179-76-76,76,174,2,1,53,map_604_difficulty_0,1.0,-0.0,False
item-level=174;required-level=76;candidate-band=166-179-76-76,76,174,3,1,99,map_604_difficulty_0,1.0,-0.0,False
item-level=175;required-level=76;candidate-band=166-179-76-76,76,175,2,1,65,map_604_difficulty_0,1.0,-0.0,False
item-level=175;required-level=76;candidate-band=166-179-76-76,76,175,3,1,94,map_604_difficulty_0,1.0,-0.0,False
item-level=176;required-level=76;candidate-band=166-179-76-76,76,176,2,1,57,map_604_difficulty_0,1.0,-0.0,False
item-level=176;required-level=76;candidate-band=166-179-76-76,76,176,3,1,90,map_604_difficulty_0,1.0,-0.0,False
item-level=177;required-level=76;candidate-band=166-179-76-76,76,177,2,1,54,map_604_difficulty_0,1.0,-0.0,False
item-level=177;required-level=76;candidate-band=166-179-76-76,76,177,3,1,82,map_604_difficulty_0,1.0,-0.0,False
item-level=17;required-level=11;candidate-band=16-21-11-16,11,17,2,1,119,map_36_difficulty_0,1.0,-0.0,False
item-level=17;required-level=11;candidate-band=16-21-11-16,11,17,3,1,28,map_36_difficulty_0,1.0,-0.0,False
item-level=17;required-level=12;candidate-band=16-21-11-16,12,17,2,1,119,map_36_difficulty_0,1.0,-0.0,False
item-level=17;required-level=12;candidate-band=16-21-11-16,12,17,3,1,29,map_36_difficulty_0,1.0,-0.0,False
item-level=17;required-level=13;candidate-band=16-21-11-16,13,17,2,1,99,map_36_difficulty_0,1.0,-0.0,False
item-level=17;required-level=13;candidate-band=16-21-11-16,13,17,3,1,25,map_36_difficulty_0,1.0,-0.0,False
item-level=17;required-level=14;candidate-band=16-21-11-16,14,17,2,1,129,map_36_difficulty_0,1.0,-0.0,False
item-level=17;required-level=14;candidate-band=16-21-11-16,14,17,3,1,29,map_36_difficulty_0,1.0,-0.0,False
item-level=17;required-level=15;candidate-band=16-21-11-16,15,17,2,1,111,map_36_difficulty_0,1.0,-0.0,False
item-level=17;required-level=15;candidate-band=16-21-11-16,15,17,3,1,19,map_36_difficulty_0,1.0,-0.0,False
item-level=17;required-level=16;candidate-band=16-21-11-16,16,17,2,1,115,map_36_difficulty_0,1.0,-0.0,False
item-level=17;required-level=16;candidate-band=16-21-11-16,16,17,3,1,26,map_36_difficulty_0,1.0,-0.0,False
item-level=183;required-level=77;candidate-band=183-183-77-77,77,183,2,1,51,map_599_difficulty_0,1.0,-0.0,False
item-level=183;required-level=77;candidate-band=183-183-77-77,77,183,3,1,97,map_599_difficulty_0,1.0,-0.0,False
item-level=187;required-level=78;candidate-band=187-187-78-78,78,187,2,5,45,map_602_difficulty_0,0.24444444444444444,1.5970041896908889,False
item-level=187;required-level=78;candidate-band=187-187-78-78,78,187,3,5,121,map_575_difficulty_0,0.2727272727272727,1.5892705195331729,False
item-level=18;required-level=11;candidate-band=16-21-11-16,11,18,2,1,115,map_36_difficulty_0,1.0,-0.0,False
item-level=18;required-level=11;candidate-band=16-21-11-16,11,18,3,1,27,map_36_difficulty_0,1.0,-0.0,False
item-level=18;required-level=12;candidate-band=16-21-11-16,12,18,2,1,119,map_36_difficulty_0,1.0,-0.0,False
item-level=18;required-level=12;candidate-band=16-21-11-16,12,18,3,1,20,map_36_difficulty_0,1.0,-0.0,False
"item-level=18;required-level=13;candidate-band=16-21-11-16,18-18-13-13",13,18,2,2,106,map_389_difficulty_0,0.5094339622641509,0.6929691707091894,False
"item-level=18;required-level=13;candidate-band=16-21-11-16,18-18-13-13",13,18,3,2,21,map_389_difficulty_0,0.6190476190476191,0.6645284386549151,False
item-level=18;required-level=14;candidate-band=16-21-11-16,14,18,2,1,106,map_36_difficulty_0,1.0,-0.0,False
item-level=18;required-level=14;candidate-band=16-21-11-16,14,18,3,1,35,map_36_difficulty_0,1.0,-0.0,False
item-level=18;required-level=15;candidate-band=16-21-11-16,15,18,2,1,128,map_36_difficulty_0,1.0,-0.0,False
item-level=18;required-level=15;candidate-band=16-21-11-16,15,18,3,1,23,map_36_difficulty_0,1.0,-0.0,False
item-level=18;required-level=16;candidate-band=16-21-11-16,16,18,2,1,104,map_36_difficulty_0,1.0,-0.0,False
item-level=18;required-level=16;candidate-band=16-21-11-16,16,18,3,1,21,map_36_difficulty_0,1.0,-0.0,False
item-level=19;required-level=12;candidate-band=16-21-11-16,12,19,2,1,119,map_36_difficulty_0,1.0,-0.0,False
item-level=19;required-level=12;candidate-band=16-21-11-16,12,19,3,1,27,map_36_difficulty_0,1.0,-0.0,False
item-level=19;required-level=13;candidate-band=16-21-11-16,13,19,2,1,117,map_36_difficulty_0,1.0,-0.0,False
item-level=19;required-level=13;candidate-band=16-21-11-16,13,19,3,1,18,map_36_difficulty_0,1.0,-0.0,False
"item-level=19;required-level=14;candidate-band=16-21-11-16,19-20-14-15",14,19,2,2,108,map_36_difficulty_0,0.6666666666666666,0.6365141682948128,False
"item-level=19;required-level=14;candidate-band=16-21-11-16,19-20-14-15",14,19,3,2,24,map_43_difficulty_0,0.5416666666666666,0.6896709283570267,False
"item-level=19;required-level=15;candidate-band=16-21-11-16,19-20-14-15",15,19,2,2,113,map_36_difficulty_0,0.5309734513274337,0.6912272421496105,False
"item-level=19;required-level=15;candidate-band=16-21-11-16,19-20-14-15",15,19,3,2,33,map_43_difficulty_0,0.6666666666666666,0.6365141682948128,False
item-level=19;required-level=16;candidate-band=16-21-11-16,16,19,2,1,115,map_36_difficulty_0,1.0,-0.0,False
item-level=19;required-level=16;candidate-band=16-21-11-16,16,19,3,1,31,map_36_difficulty_0,1.0,-0.0,False
item-level=200;required-level=80;candidate-band=200-200-80-80,80,200,2,15,74,map_576_difficulty_1,0.13513513513513514,2.595825211060918,False
item-level=200;required-level=80;candidate-band=200-200-80-80,80,200,3,15,482,map_602_difficulty_1,0.08921161825726141,2.6537350725487165,False
item-level=200;required-level=80;candidate-band=200-200-80-80,80,200,4,14,302,map_533_difficulty_0,0.09271523178807947,2.604513056425586,False
item-level=20;required-level=13;candidate-band=16-21-11-16,13,20,2,1,126,map_36_difficulty_0,1.0,-0.0,False
item-level=20;required-level=13;candidate-band=16-21-11-16,13,20,3,1,20,map_36_difficulty_0,1.0,-0.0,False
"item-level=20;required-level=14;candidate-band=16-21-11-16,19-20-14-15",14,20,2,2,121,map_36_difficulty_0,0.5619834710743802,0.6854434764212227,False
"item-level=20;required-level=14;candidate-band=16-21-11-16,19-20-14-15",14,20,3,2,19,map_36_difficulty_0,0.5263157894736842,0.6917614988524178,False
"item-level=20;required-level=15;candidate-band=20-20-15-15,20-21-15-16",15,20,2,3,91,map_43_difficulty_0,0.37362637362637363,1.0871858879048277,False
"item-level=20;required-level=15;candidate-band=20-20-15-15,20-21-15-16",15,20,3,3,20,map_43_difficulty_0,0.4,1.0888999753452238,False
item-level=20;required-level=16;candidate-band=20-21-15-16,16,20,2,1,128,map_36_difficulty_0,1.0,-0.0,False
item-level=20;required-level=16;candidate-band=20-21-15-16,16,20,3,1,16,map_36_difficulty_0,1.0,-0.0,False
item-level=213;required-level=80;candidate-band=213-213-80-80,80,213,2,3,77,map_533_difficulty_1,0.36363636363636365,1.095382003154532,False
item-level=213;required-level=80;candidate-band=213-213-80-80,80,213,3,3,499,map_615_difficulty_1,0.37675350701402804,1.0904987943249846,False
item-level=213;required-level=80;candidate-band=213-213-80-80,80,213,4,3,310,map_533_difficulty_0,0.34516129032258064,1.0981006717970916,False
item-level=219;required-level=80;candidate-band=219-219-80-80,80,219,3,5,182,map_650_difficulty_1,0.2087912087912088,1.6085881730933078,False
item-level=219;required-level=80;candidate-band=219-219-80-80,80,219,4,5,395,map_632_difficulty_0,0.23544303797468355,1.6049396114022727,False
item-level=21;required-level=14;candidate-band=16-21-11-16,14,21,2,1,123,map_36_difficulty_0,1.0,-0.0,False
item-level=21;required-level=14;candidate-band=16-21-11-16,14,21,3,1,27,map_36_difficulty_0,1.0,-0.0,False
item-level=21;required-level=15;candidate-band=20-21-15-16,15,21,2,1,135,map_36_difficulty_0,1.0,-0.0,False
item-level=21;required-level=15;candidate-band=20-21-15-16,15,21,3,1,32,map_36_difficulty_0,1.0,-0.0,False
"item-level=21;required-level=16;candidate-band=20-21-15-16,21-23-16-18",16,21,2,2,118,map_43_difficulty_0,0.5169491525423728,0.6925725229305686,False
"item-level=21;required-level=16;candidate-band=20-21-15-16,21-23-16-18",16,21,3,2,18,map_36_difficulty_0,0.5555555555555556,0.6869615765973234,False
"item-level=21;required-level=17;candidate-band=21-22-16-17,21-23-16-18",17,21,2,2,140,map_43_difficulty_0,0.5214285714285715,0.6922285318733952,False
"item-level=21;required-level=17;candidate-band=21-22-16-17,21-23-16-18",17,21,3,2,34,map_43_difficulty_0,0.6764705882352942,0.6295012608763815,False
item-level=21;required-level=18;candidate-band=21-23-16-18,18,21,2,1,125,map_43_difficulty_0,1.0,-0.0,False
item-level=21;required-level=18;candidate-band=21-23-16-18,18,21,3,1,24,map_43_difficulty_0,1.0,-0.0,False
item-level=226;required-level=80;candidate-band=226-226-80-80,80,226,3,1,184,map_603_difficulty_1,1.0,-0.0,False
item-level=226;required-level=80;candidate-band=226-226-80-80,80,226,4,1,419,map_603_difficulty_1,1.0,-0.0,False
"item-level=22;required-level=16;candidate-band=21-22-16-17,21-23-16-18",16,22,2,2,112,map_36_difficulty_0,0.5178571428571429,0.6925092898114951,False
"item-level=22;required-level=16;candidate-band=21-22-16-17,21-23-16-18",16,22,3,2,26,map_36_difficulty_0,0.6538461538461539,0.6450331516760341,False
"item-level=22;required-level=17;candidate-band=22-22-17-17,22-23-17-18",17,22,2,2,110,map_36_difficulty_0,0.509090909090909,0.6929818821956966,False
"item-level=22;required-level=17;candidate-band=22-22-17-17,22-23-17-18",17,22,3,2,25,map_43_difficulty_0,0.6,0.6730116670092565,False
"item-level=22;required-level=18;candidate-band=21-23-16-18,22-23-17-18",18,22,2,2,102,map_36_difficulty_0,0.5588235294117647,0.6862107122427636,False
"item-level=22;required-level=18;candidate-band=21-23-16-18,22-23-17-18",18,22,3,2,14,map_43_difficulty_0,0.5,0.6931471805599453,False
"item-level=22;required-level=19;candidate-band=22-23-17-20,22-24-17-19",19,22,2,2,101,map_43_difficulty_0,0.5247524752475248,0.6919213094962968,False
"item-level=22;required-level=19;candidate-band=22-23-17-20,22-24-17-19",19,22,3,2,25,map_43_difficulty_0,0.68,0.6268694575724263,False
item-level=22;required-level=20;candidate-band=22-23-17-20,20,22,2,1,102,map_36_difficulty_0,1.0,-0.0,False
item-level=22;required-level=20;candidate-band=22-23-17-20,20,22,3,1,43,map_36_difficulty_0,1.0,-0.0,False
"item-level=232;required-level=80;candidate-band=226-232-80-80,232-232-80-80",80,232,4,5,548,map_632_difficulty_1,0.21350364963503649,1.6085522214084627,False
item-level=239;required-level=80;candidate-band=239-239-80-80,80,239,4,1,417,map_603_difficulty_1,1.0,-0.0,False
item-level=23;required-level=16;candidate-band=21-23-16-18,16,23,2,1,108,map_43_difficulty_0,1.0,-0.0,False
item-level=23;required-level=16;candidate-band=21-23-16-18,16,23,3,1,23,map_43_difficulty_0,1.0,-0.0,False
"item-level=23;required-level=17;candidate-band=22-23-17-18,22-24-17-19",17,23,2,2,111,map_36_difficulty_0,0.5495495495495496,0.6882287960332414,False
"item-level=23;required-level=17;candidate-band=22-23-17-18,22-24-17-19",17,23,3,2,24,map_36_difficulty_0,0.5833333333333334,0.6791932659915256,False
"item-level=23;required-level=18;candidate-band=22-23-17-18,23-24-18-19,23-25-18-20,23-27-18-22",18,23,2,4,126,map_36_difficulty_0,0.2698412698412698,1.3838606220226075,False
"item-level=23;required-level=18;candidate-band=22-23-17-18,23-24-18-19,23-25-18-20,23-27-18-22",18,23,3,4,24,map_33_difficulty_0,0.3333333333333333,1.3320831195896732,False
"item-level=23;required-level=19;candidate-band=22-23-17-20,23-24-18-19,23-25-18-20,23-27-18-22",19,23,2,4,122,map_33_difficulty_0,0.29508196721311475,1.362938153367119,False
"item-level=23;required-level=19;candidate-band=22-23-17-20,23-24-18-19,23-25-18-20,23-27-18-22",19,23,3,4,25,map_33_difficulty_0,0.32,1.35677031940125,False
"item-level=23;required-level=20;candidate-band=22-23-17-20,23-25-18-20,23-27-18-22",20,23,2,4,100,map_43_difficulty_0,0.28,1.3809791551144799,False
"item-level=23;required-level=20;candidate-band=22-23-17-20,23-25-18-20,23-27-18-22",20,23,3,4,32,map_43_difficulty_0,0.4375,1.1278336536047227,False
item-level=23;required-level=21;candidate-band=23-27-18-22,21,23,2,1,109,map_48_difficulty_0,1.0,-0.0,False
item-level=23;required-level=21;candidate-band=23-27-18-22,21,23,3,1,27,map_48_difficulty_0,1.0,-0.0,False
item-level=23;required-level=22;candidate-band=23-27-18-22,22,23,2,1,100,map_48_difficulty_0,1.0,-0.0,False
item-level=23;required-level=22;candidate-band=23-27-18-22,22,23,3,1,48,map_48_difficulty_0,1.0,-0.0,False
item-level=245;required-level=80;candidate-band=245-245-80-80,80,245,4,1,416,map_249_difficulty_1,1.0,-0.0,False
item-level=24;required-level=17;candidate-band=22-24-17-19,17,24,2,1,104,map_43_difficulty_0,1.0,-0.0,False
item-level=24;required-level=17;candidate-band=22-24-17-19,17,24,3,1,29,map_43_difficulty_0,1.0,-0.0,False
"item-level=24;required-level=18;candidate-band=23-24-18-19,23-25-18-20,23-27-18-22",18,24,2,3,122,map_43_difficulty_0,0.4344262295081967,1.0764889840173433,False
"item-level=24;required-level=18;candidate-band=23-24-18-19,23-25-18-20,23-27-18-22",18,24,3,3,28,map_33_difficulty_0,0.39285714285714285,1.0897973126663918,False
"item-level=24;required-level=19;candidate-band=23-24-18-19,23-25-18-20,23-27-18-22,24-25-19-20",19,24,2,4,113,map_33_difficulty_0,0.3185840707964602,1.368265452089894,False
"item-level=24;required-level=19;candidate-band=23-24-18-19,23-25-18-20,23-27-18-22,24-25-19-20",19,24,3,4,28,map_36_difficulty_0,0.39285714285714285,1.3106063908583887,False
"item-level=24;required-level=20;candidate-band=23-25-18-20,23-27-18-22,24-25-19-20",20,24,2,4,104,map_43_difficulty_0,0.34615384615384615,1.3594411758919376,False
"item-level=24;required-level=20;candidate-band=23-25-18-20,23-27-18-22,24-25-19-20",20,24,3,4,39,map_36_difficulty_0,0.3333333333333333,1.3618543431462207,False
item-level=24;required-level=21;candidate-band=23-27-18-22,21,24,2,1,101,map_48_difficulty_0,1.0,-0.0,False
item-level=24;required-level=21;candidate-band=23-27-18-22,21,24,3,1,41,map_48_difficulty_0,1.0,-0.0,False
item-level=24;required-level=22;candidate-band=23-27-18-22,22,24,2,1,111,map_48_difficulty_0,1.0,-0.0,False
item-level=24;required-level=22;candidate-band=23-27-18-22,22,24,3,1,41,map_48_difficulty_0,1.0,-0.0,False
item-level=251;required-level=80;candidate-band=251-251-80-80,80,251,4,1,299,map_631_difficulty_0,1.0,-0.0,False
item-level=258;required-level=80;candidate-band=258-258-80-80,80,258,4,2,271,map_724_difficulty_0,0.5018450184501845,0.6931403723583317,False
"item-level=25;required-level=18;candidate-band=23-25-18-20,23-27-18-22",18,25,2,3,117,map_33_difficulty_0,0.36752136752136755,1.0923208643866993,False
"item-level=25;required-level=18;candidate-band=23-25-18-20,23-27-18-22",18,25,3,3,26,map_43_difficulty_0,0.4230769230769231,1.0484854421409806,False
"item-level=25;required-level=19;candidate-band=23-25-18-20,23-27-18-22,24-25-19-20",19,25,2,4,126,map_36_difficulty_0,0.29365079365079366,1.380243676697978,False
"item-level=25;required-level=19;candidate-band=23-25-18-20,23-27-18-22,24-25-19-20",19,25,3,4,22,map_36_difficulty_0,0.4090909090909091,1.3016518932729433,False
"item-level=25;required-level=20;candidate-band=23-25-18-20,24-25-19-20,25-25-20-20,25-26-20-21",20,25,2,5,105,map_34_difficulty_0,0.2857142857142857,1.5813634413461934,False
"item-level=25;required-level=20;candidate-band=23-25-18-20,24-25-19-20,25-25-20-20,25-26-20-21",20,25,3,5,39,map_33_difficulty_0,0.3076923076923077,1.5509197507372459,False
"item-level=25;required-level=21;candidate-band=23-27-18-22,25-26-20-21",21,25,2,3,107,map_34_difficulty_0,0.4485981308411215,1.0520386917955697,False
"item-level=25;required-level=21;candidate-band=23-27-18-22,25-26-20-21",21,25,3,3,29,map_48_difficulty_0,0.41379310344827586,1.0835222669892097,False
item-level=25;required-level=22;candidate-band=23-27-18-22,22,25,2,1,99,map_48_difficulty_0,1.0,-0.0,False
item-level=25;required-level=22;candidate-band=23-27-18-22,22,25,3,1,49,map_48_difficulty_0,1.0,-0.0,False
item-level=264;required-level=80;candidate-band=264-264-80-80,80,264,4,2,252,map_631_difficulty_1,0.5158730158730159,0.692643190619824,False
"item-level=26;required-level=19;candidate-band=23-27-18-22,26-26-19-21",19,26,2,2,118,map_33_difficulty_0,0.5338983050847458,0.6908472265804745,False
"item-level=26;required-level=19;candidate-band=23-27-18-22,26-26-19-21",19,26,3,2,21,map_33_difficulty_0,0.6666666666666666,0.6365141682948128,False
"item-level=26;required-level=20;candidate-band=23-27-18-22,25-26-20-21,26-26-20-20",20,26,2,3,114,map_48_difficulty_0,0.35964912280701755,1.0970133669284177,False
"item-level=26;required-level=20;candidate-band=23-27-18-22,25-26-20-21,26-26-20-20",20,26,3,3,38,map_48_difficulty_0,0.34210526315789475,1.097913446793334,False
"item-level=26;required-level=21;candidate-band=25-26-20-21,26-26-19-21,26-27-21-22",21,26,2,3,117,map_33_difficulty_0,0.38461538461538464,1.0928305535284886,False
"item-level=26;required-level=21;candidate-band=25-26-20-21,26-26-19-21,26-27-21-22",21,26,3,3,52,map_33_difficulty_0,0.4423076923076923,1.0566301299413605,False
item-level=26;required-level=22;candidate-band=26-27-21-22,22,26,2,1,121,map_48_difficulty_0,1.0,-0.0,False
item-level=26;required-level=22;candidate-band=26-27-21-22,22,26,3,1,49,map_48_difficulty_0,1.0,-0.0,False
item-level=271;required-level=80;candidate-band=271-271-80-80,80,271,4,4,144,map_724_difficulty_2,0.2638888888888889,1.3853294327251817,False
item-level=277;required-level=80;candidate-band=277-277-80-80,80,277,4,1,88,map_631_difficulty_3,1.0,-0.0,False
"item-level=27;required-level=20;candidate-band=23-27-18-22,26-27-20-21",20,27,2,2,109,map_33_difficulty_0,0.5229357798165137,0.6920947112859916,False
"item-level=27;required-level=20;candidate-band=23-27-18-22,26-27-20-21",20,27,3,2,34,map_48_difficulty_0,0.5,0.6931471805599453,False
"item-level=27;required-level=21;candidate-band=26-27-20-21,26-27-21-22",21,27,2,2,106,map_48_difficulty_0,0.5188679245283019,0.6924350143316284,False
"item-level=27;required-level=21;candidate-band=26-27-20-21,26-27-21-22",21,27,3,2,35,map_48_difficulty_0,0.6,0.6730116670092565,False
"item-level=27;required-level=22;candidate-band=27-27-22-22,27-28-22-23,27-32-22-27",22,27,2,3,95,map_34_difficulty_0,0.37894736842105264,1.0932241399335387,False
"item-level=27;required-level=22;candidate-band=27-27-22-22,27-28-22-23,27-32-22-27",22,27,3,3,33,map_48_difficulty_0,0.48484848484848486,1.0047654731191165,False
"item-level=27;required-level=23;candidate-band=27-28-22-23,27-32-22-27",23,27,2,2,114,map_47_difficulty_0,0.543859649122807,0.689294893666163,False
"item-level=27;required-level=23;candidate-band=27-28-22-23,27-32-22-27",23,27,3,2,38,map_48_difficulty_0,0.5526315789473685,0.6875967375909238,False
"item-level=27;required-level=24;candidate-band=27-29-22-24,27-32-22-27",24,27,2,2,89,map_48_difficulty_0,0.5842696629213483,0.6788764131695497,False
"item-level=27;required-level=24;candidate-band=27-29-22-24,27-32-22-27",24,27,3,2,37,map_47_difficulty_0,0.5405405405405406,0.689856498589211,False
item-level=27;required-level=25;candidate-band=27-32-22-27,25,27,2,1,116,map_47_difficulty_0,1.0,-0.0,False
item-level=27;required-level=25;candidate-band=27-32-22-27,25,27,3,1,44,map_47_difficulty_0,1.0,-0.0,False
item-level=27;required-level=26;candidate-band=27-32-22-27,26,27,2,1,102,map_47_difficulty_0,1.0,-0.0,False
item-level=27;required-level=26;candidate-band=27-32-22-27,26,27,3,1,41,map_47_difficulty_0,1.0,-0.0,False
item-level=284;required-level=80;candidate-band=284-284-80-80,80,284,4,2,30,map_724_difficulty_3,0.5,0.6931471805599453,False
"item-level=28;required-level=22;candidate-band=27-28-22-23,27-32-22-27",22,28,2,2,93,map_48_difficulty_0,0.5483870967741935,0.6884572217893625,False
"item-level=28;required-level=22;candidate-band=27-28-22-23,27-32-22-27",22,28,3,2,44,map_48_difficulty_0,0.6363636363636364,0.6554817739013927,False
"item-level=28;required-level=23;candidate-band=27-28-22-23,28-31-23-26",23,28,2,2,93,map_47_difficulty_0,0.5483870967741935,0.6884572217893625,False
"item-level=28;required-level=23;candidate-band=27-28-22-23,28-31-23-26",23,28,3,2,52,map_47_difficulty_0,0.5576923076923077,0.6864755255818468,False
"item-level=28;required-level=24;candidate-band=28-29-23-24,28-31-23-26,28-35-23-30",24,28,2,3,110,map_47_difficulty_0,0.35454545454545455,1.0970337766665799,False
"item-level=28;required-level=24;candidate-band=28-29-23-24,28-31-23-26,28-35-23-30",24,28,3,3,46,map_90_difficulty_0,0.391304347826087,1.089689520279006,False
"item-level=28;required-level=25;candidate-band=28-31-23-26,28-35-23-30",25,28,2,2,110,map_47_difficulty_0,0.5636363636363636,0.6850259985526486,False
"item-level=28;required-level=25;candidate-band=28-31-23-26,28-35-23-30",25,28,3,2,32,map_47_difficulty_0,0.53125,0.6911927820032008,False
"item-level=28;required-level=26;candidate-band=28-31-23-26,28-35-23-30",26,28,2,2,95,map_90_difficulty_0,0.5052631578947369,0.6930917778747354,False
"item-level=28;required-level=26;candidate-band=28-31-23-26,28-35-23-30",26,28,3,2,46,map_47_difficulty_0,0.6086956521739131,0.6693279632926454,False
"item-level=28;required-level=27;candidate-band=27-32-22-27,28-35-23-30",27,28,2,2,135,map_47_difficulty_0,0.5333333333333333,0.6909233093138181,False
"item-level=28;required-level=27;candidate-band=27-32-22-27,28-35-23-30",27,28,3,2,41,map_90_difficulty_0,0.5853658536585366,0.6785008770139085,False
"item-level=29;required-level=22;candidate-band=27-29-22-24,27-32-22-27",22,29,2,2,117,map_47_difficulty_0,0.5213675213675214,0.6922337604751891,False
"item-level=29;required-level=22;candidate-band=27-29-22-24,27-32-22-27",22,29,3,2,41,map_48_difficulty_0,0.5365853658536586,0.6904678087032025,False
"item-level=29;required-level=23;candidate-band=28-29-23-24,28-31-23-26,28-35-23-30",23,29,2,3,110,map_90_difficulty_0,0.34545454545454546,1.0980311022508848,False
"item-level=29;required-level=23;candidate-band=28-29-23-24,28-31-23-26,28-35-23-30",23,29,3,3,52,map_47_difficulty_0,0.38461538461538464,1.088010262277112,False
"item-level=29;required-level=24;candidate-band=28-29-23-24,28-31-23-26,28-35-23-30",24,29,2,3,121,map_90_difficulty_0,0.371900826446281,1.095324758994512,False
"item-level=29;required-level=24;candidate-band=28-29-23-24,28-31-23-26,28-35-23-30",24,29,3,3,49,map_48_difficulty_0,0.4489795918367347,1.0603672056514117,False
"item-level=29;required-level=25;candidate-band=28-31-23-26,28-35-23-30",25,29,2,2,101,map_90_difficulty_0,0.5148514851485149,0.6927059824486363,False
"item-level=29;required-level=25;candidate-band=28-31-23-26,28-35-23-30",25,29,3,2,44,map_47_difficulty_0,0.5227272727272727,0.6921137666782082,False
"item-level=29;required-level=26;candidate-band=28-31-23-26,28-35-23-30",26,29,2,2,104,map_90_difficulty_0,0.5096153846153846,0.6929622579182662,False
"item-level=29;required-level=26;candidate-band=28-31-23-26,28-35-23-30",26,29,3,2,51,map_90_difficulty_0,0.5098039215686274,0.6929549344838639,False
"item-level=29;required-level=27;candidate-band=27-32-22-27,28-35-23-30",27,29,2,2,123,map_90_difficulty_0,0.5365853658536586,0.6904678087032025,False
"item-level=29;required-level=27;candidate-band=27-32-22-27,28-35-23-30",27,29,3,2,34,map_47_difficulty_0,0.5294117647058824,0.6914160776171183,False
item-level=29;required-level=28;candidate-band=28-35-23-30,28,29,2,1,105,map_90_difficulty_0,1.0,-0.0,False
item-level=29;required-level=28;candidate-band=28-35-23-30,28,29,3,1,37,map_90_difficulty_0,1.0,-0.0,False
"item-level=30;required-level=23;candidate-band=28-31-23-26,28-35-23-30",23,30,2,2,102,map_90_difficulty_0,0.5,0.6931471805599453,False
"item-level=30;required-level=23;candidate-band=28-31-23-26,28-35-23-30",23,30,3,2,35,map_47_difficulty_0,0.5714285714285714,0.6829081047004717,False
"item-level=30;required-level=24;candidate-band=28-31-23-26,28-35-23-30",24,30,2,2,104,map_90_difficulty_0,0.5192307692307693,0.6924073531233138,False
"item-level=30;required-level=24;candidate-band=28-31-23-26,28-35-23-30",24,30,3,2,38,map_90_difficulty_0,0.631578947368421,0.6581099875431143,False
item-level=30;required-level=25;candidate-band=28-31-23-26,25,30,2,1,107,map_47_difficulty_0,1.0,-0.0,False
item-level=30;required-level=25;candidate-band=28-31-23-26,25,30,3,1,30,map_47_difficulty_0,1.0,-0.0,False
item-level=30;required-level=26;candidate-band=28-31-23-26,26,30,2,1,104,map_47_difficulty_0,1.0,-0.0,False
item-level=30;required-level=26;candidate-band=28-31-23-26,26,30,3,1,46,map_47_difficulty_0,1.0,-0.0,False
item-level=30;required-level=27;candidate-band=30-33-25-27,27,30,2,1,99,map_47_difficulty_0,1.0,-0.0,False
item-level=30;required-level=27;candidate-band=30-33-25-27,27,30,3,1,43,map_47_difficulty_0,1.0,-0.0,False
"item-level=30;required-level=28;candidate-band=28-35-23-30,30-44-25-34",28,30,2,2,92,map_90_difficulty_0,0.6630434782608695,0.6389960873358715,False
"item-level=30;required-level=28;candidate-band=28-35-23-30,30-44-25-34",28,30,3,2,31,map_90_difficulty_0,0.6129032258064516,0.667431707658747,False
"item-level=30;required-level=29;candidate-band=28-35-23-30,30-44-25-34",29,30,2,2,115,map_90_difficulty_0,0.5739130434782609,0.6821807580922519,False
"item-level=30;required-level=29;candidate-band=28-35-23-30,30-44-25-34",29,30,3,2,31,map_189_difficulty_0,0.5806451612903226,0.6800829048357611,False
"item-level=31;required-level=24;candidate-band=28-31-23-26,28-35-23-30,31-31-24-24",24,31,2,3,97,map_47_difficulty_0,0.36082474226804123,1.095602620254609,False
"item-level=31;required-level=24;candidate-band=28-31-23-26,28-35-23-30,31-31-24-24",24,31,3,3,33,map_48_difficulty_0,0.45454545454545453,1.0637155529842894,False
item-level=31;required-level=25;candidate-band=30-33-25-27,25,31,2,1,116,map_47_difficulty_0,1.0,-0.0,False
item-level=31;required-level=25;candidate-band=30-33-25-27,25,31,3,1,38,map_47_difficulty_0,1.0,-0.0,False
item-level=31;required-level=26;candidate-band=30-33-25-27,26,31,2,1,91,map_47_difficulty_0,1.0,-0.0,False
item-level=31;required-level=26;candidate-band=30-33-25-27,26,31,3,1,39,map_47_difficulty_0,1.0,-0.0,False
item-level=31;required-level=27;candidate-band=30-33-25-27,27,31,2,1,104,map_47_difficulty_0,1.0,-0.0,False
item-level=31;required-level=27;candidate-band=30-33-25-27,27,31,3,1,28,map_47_difficulty_0,1.0,-0.0,False
"item-level=31;required-level=28;candidate-band=28-35-23-30,30-44-25-34",28,31,2,2,98,map_90_difficulty_0,0.5612244897959183,0.6856314566031323,False
"item-level=31;required-level=28;candidate-band=28-35-23-30,30-44-25-34",28,31,3,2,44,map_189_difficulty_0,0.5454545454545454,0.6890092384766586,False
"item-level=31;required-level=29;candidate-band=28-35-23-30,30-44-25-34",29,31,2,2,97,map_189_difficulty_0,0.5360824742268041,0.6905410258652528,False
"item-level=31;required-level=29;candidate-band=28-35-23-30,30-44-25-34",29,31,3,2,33,map_189_difficulty_0,0.5151515151515151,0.6926879734424749,False
"item-level=31;required-level=30;candidate-band=28-35-23-30,30-44-25-34",30,31,2,2,83,map_90_difficulty_0,0.5180722891566265,0.692493822984783,False
"item-level=31;required-level=30;candidate-band=28-35-23-30,30-44-25-34",30,31,3,2,39,map_90_difficulty_0,0.5384615384615384,0.6901856760188042,False
item-level=32;required-level=25;candidate-band=30-33-25-27,25,32,2,1,91,map_47_difficulty_0,1.0,-0.0,False
item-level=32;required-level=25;candidate-band=30-33-25-27,25,32,3,1,37,map_47_difficulty_0,1.0,-0.0,False
item-level=32;required-level=26;candidate-band=30-33-25-27,26,32,2,1,101,map_47_difficulty_0,1.0,-0.0,False
item-level=32;required-level=26;candidate-band=30-33-25-27,26,32,3,1,41,map_47_difficulty_0,1.0,-0.0,False
item-level=32;required-level=27;candidate-band=32-32-27-27,27,32,2,2,101,map_90_difficulty_0,0.5544554455445545,0.6872046087142025,False
item-level=32;required-level=27;candidate-band=32-32-27-27,27,32,3,2,32,map_47_difficulty_0,0.59375,0.6754645824509031,False
"item-level=32;required-level=28;candidate-band=28-35-23-30,30-44-25-34",28,32,2,2,116,map_90_difficulty_0,0.5948275862068966,0.6750532419892642,False
"item-level=32;required-level=28;candidate-band=28-35-23-30,30-44-25-34",28,32,3,2,43,map_90_difficulty_0,0.6046511627906976,0.6710806543560228,False
"item-level=32;required-level=29;candidate-band=28-35-23-30,30-44-25-34",29,32,2,2,109,map_90_difficulty_0,0.5229357798165137,0.6920947112859916,False
"item-level=32;required-level=29;candidate-band=28-35-23-30,30-44-25-34",29,32,3,2,37,map_189_difficulty_0,0.5675675675675675,0.6839884329677817,False
"item-level=32;required-level=30;candidate-band=28-35-23-30,30-44-25-34",30,32,2,2,107,map_90_difficulty_0,0.5607476635514018,0.6857483576983661,False
"item-level=32;required-level=30;candidate-band=28-35-23-30,30-44-25-34",30,32,3,2,42,map_189_difficulty_0,0.6428571428571429,0.6517565611726531,False
item-level=32;required-level=31;candidate-band=30-44-25-34,31,32,2,1,110,map_189_difficulty_0,1.0,-0.0,False
item-level=32;required-level=31;candidate-band=30-44-25-34,31,32,3,1,34,map_189_difficulty_0,1.0,-0.0,False
item-level=33;required-level=26;candidate-band=30-33-25-27,26,33,2,1,104,map_47_difficulty_0,1.0,-0.0,False
item-level=33;required-level=26;candidate-band=30-33-25-27,26,33,3,1,41,map_47_difficulty_0,1.0,-0.0,False
item-level=33;required-level=27;candidate-band=33-34-27-27,27,33,2,1,105,map_47_difficulty_0,1.0,-0.0,False
item-level=33;required-level=27;candidate-band=33-34-27-27,27,33,3,1,43,map_47_difficulty_0,1.0,-0.0,False
item-level=33;required-level=28;candidate-band=33-34-28-28,28,33,2,1,102,map_90_difficulty_0,1.0,-0.0,False
item-level=33;required-level=28;candidate-band=33-34-28-28,28,33,3,1,36,map_90_difficulty_0,1.0,-0.0,False
"item-level=33;required-level=29;candidate-band=28-35-23-30,30-44-25-34",29,33,2,2,88,map_90_difficulty_0,0.5113636363636364,0.6928888938590294,False
"item-level=33;required-level=29;candidate-band=28-35-23-30,30-44-25-34",29,33,3,2,44,map_90_difficulty_0,0.5681818181818182,0.6838206287849113,False
"item-level=33;required-level=30;candidate-band=28-35-23-30,30-44-25-34",30,33,2,2,106,map_189_difficulty_0,0.5188679245283019,0.6924350143316284,False
"item-level=33;required-level=30;candidate-band=28-35-23-30,30-44-25-34",30,33,3,2,39,map_189_difficulty_0,0.5384615384615384,0.6901856760188042,False
item-level=33;required-level=31;candidate-band=30-44-25-34,31,33,2,1,108,map_189_difficulty_0,1.0,-0.0,False
item-level=33;required-level=31;candidate-band=30-44-25-34,31,33,3,1,47,map_189_difficulty_0,1.0,-0.0,False
item-level=33;required-level=32;candidate-band=30-44-25-34,32,33,2,1,119,map_189_difficulty_0,1.0,-0.0,False
item-level=33;required-level=32;candidate-band=30-44-25-34,32,33,3,1,41,map_189_difficulty_0,1.0,-0.0,False
item-level=34;required-level=27;candidate-band=33-34-27-27,27,34,2,1,93,map_47_difficulty_0,1.0,-0.0,False
item-level=34;required-level=27;candidate-band=33-34-27-27,27,34,3,1,33,map_47_difficulty_0,1.0,-0.0,False
item-level=34;required-level=28;candidate-band=33-34-28-28,28,34,2,1,128,map_90_difficulty_0,1.0,-0.0,False
item-level=34;required-level=28;candidate-band=33-34-28-28,28,34,3,1,48,map_90_difficulty_0,1.0,-0.0,False
"item-level=34;required-level=29;candidate-band=28-35-23-30,34-34-29-29,34-35-29-30",29,34,2,3,129,map_90_difficulty_0,0.3643410852713178,1.0934502951533507,False
"item-level=34;required-level=29;candidate-band=28-35-23-30,34-34-29-29,34-35-29-30",29,34,3,3,33,map_47_difficulty_0,0.45454545454545453,1.0637155529842894,False
"item-level=34;required-level=30;candidate-band=34-35-29-30,34-36-29-31",30,34,2,2,97,map_47_difficulty_0,0.5360824742268041,0.6905410258652528,False
"item-level=34;required-level=30;candidate-band=34-35-29-30,34-36-29-31",30,34,3,2,42,map_47_difficulty_0,0.5952380952380952,0.6748952737438281,False
item-level=34;required-level=31;candidate-band=34-36-29-31,31,34,2,1,117,map_189_difficulty_0,1.0,-0.0,False
item-level=34;required-level=31;candidate-band=34-36-29-31,31,34,3,1,49,map_189_difficulty_0,1.0,-0.0,False
item-level=34;required-level=32;candidate-band=30-44-25-34,32,34,2,1,96,map_189_difficulty_0,1.0,-0.0,False
item-level=34;required-level=32;candidate-band=30-44-25-34,32,34,3,1,42,map_189_difficulty_0,1.0,-0.0,False
item-level=34;required-level=33;candidate-band=30-44-25-34,33,34,2,1,110,map_189_difficulty_0,1.0,-0.0,False
item-level=34;required-level=33;candidate-band=30-44-25-34,33,34,3,1,49,map_189_difficulty_0,1.0,-0.0,False
"item-level=35;required-level=28;candidate-band=28-35-23-30,30-44-25-34",28,35,2,2,87,map_90_difficulty_0,0.5632183908045977,0.6851326166198324,False
"item-level=35;required-level=28;candidate-band=28-35-23-30,30-44-25-34",28,35,3,2,56,map_189_difficulty_0,0.6071428571428571,0.6700089798274271,False
"item-level=35;required-level=29;candidate-band=34-35-29-30,34-36-29-31",29,35,2,2,118,map_189_difficulty_0,0.5932203389830508,0.6756650018636826,False
"item-level=35;required-level=29;candidate-band=34-35-29-30,34-36-29-31",29,35,3,2,34,map_47_difficulty_0,0.5294117647058824,0.6914160776171183,False
"item-level=35;required-level=30;candidate-band=34-35-29-30,35-35-30-30",30,35,2,2,116,map_47_difficulty_0,0.5086206896551724,0.6929985406149266,False
"item-level=35;required-level=30;candidate-band=34-35-29-30,35-35-30-30",30,35,3,2,36,map_189_difficulty_0,0.5833333333333334,0.6791932659915256,False
item-level=35;required-level=31;candidate-band=34-36-29-31,31,35,2,1,102,map_189_difficulty_0,1.0,-0.0,False
item-level=35;required-level=31;candidate-band=34-36-29-31,31,35,3,1,40,map_189_difficulty_0,1.0,-0.0,False
"item-level=35;required-level=32;candidate-band=35-42-30-37,35-45-30-40",32,35,2,2,101,map_70_difficulty_0,0.5742574257425742,0.6820779466777396,False
"item-level=35;required-level=32;candidate-band=35-42-30-37,35-45-30-40",32,35,3,2,54,map_70_difficulty_0,0.5740740740740741,0.6821327446122378,False
"item-level=35;required-level=33;candidate-band=35-42-30-37,35-45-30-40",33,35,2,2,90,map_70_difficulty_0,0.5111111111111111,0.6929002466535776,False
"item-level=35;required-level=33;candidate-band=35-42-30-37,35-45-30-40",33,35,3,2,41,map_70_difficulty_0,0.5609756097560976,0.6856925884481759,False
"item-level=35;required-level=34;candidate-band=35-42-30-37,35-45-30-40",34,35,2,2,125,map_70_difficulty_0,0.528,0.6915783599888489,False
"item-level=35;required-level=34;candidate-band=35-42-30-37,35-45-30-40",34,35,3,2,35,map_70_difficulty_0,0.5428571428571428,0.6894691997751603,False
item-level=36;required-level=29;candidate-band=34-36-29-31,29,36,2,1,116,map_189_difficulty_0,1.0,-0.0,False
item-level=36;required-level=29;candidate-band=34-36-29-31,29,36,3,1,45,map_189_difficulty_0,1.0,-0.0,False
"item-level=36;required-level=30;candidate-band=34-36-29-31,36-36-30-30",30,36,2,2,90,map_189_difficulty_0,0.5111111111111111,0.6929002466535776,False
"item-level=36;required-level=30;candidate-band=34-36-29-31,36-36-30-30",30,36,3,2,42,map_47_difficulty_0,0.5238095238095238,0.6920129648318738,False
item-level=36;required-level=31;candidate-band=34-36-29-31,31,36,2,1,100,map_189_difficulty_0,1.0,-0.0,False
item-level=36;required-level=31;candidate-band=34-36-29-31,31,36,3,1,35,map_189_difficulty_0,1.0,-0.0,False
"item-level=36;required-level=32;candidate-band=35-42-30-37,35-45-30-40",32,36,2,2,93,map_70_difficulty_0,0.5376344086021505,0.6903118023335733,False
"item-level=36;required-level=32;candidate-band=35-42-30-37,35-45-30-40",32,36,3,2,45,map_129_difficulty_0,0.5333333333333333,0.6909233093138181,False
"item-level=36;required-level=33;candidate-band=35-42-30-37,35-45-30-40",33,36,2,2,101,map_70_difficulty_0,0.504950495049505,0.6930981649566266,False
"item-level=36;required-level=33;candidate-band=35-42-30-37,35-45-30-40",33,36,3,2,43,map_70_difficulty_0,0.5581395348837209,0.686371452146747,False
"item-level=36;required-level=34;candidate-band=35-42-30-37,35-45-30-40",34,36,2,2,100,map_129_difficulty_0,0.59,0.6768585467349507,False
"item-level=36;required-level=34;candidate-band=35-42-30-37,35-45-30-40",34,36,3,2,45,map_129_difficulty_0,0.6666666666666666,0.6365141682948128,False
"item-level=36;required-level=35;candidate-band=35-42-30-37,35-45-30-40",35,36,2,2,80,map_129_difficulty_0,0.525,0.6918966592050799,False
"item-level=36;required-level=35;candidate-band=35-42-30-37,35-45-30-40",35,36,3,2,40,map_70_difficulty_0,0.55,0.6881388137135884,False
"item-level=37;required-level=30;candidate-band=35-42-30-37,35-45-30-40",30,37,2,2,119,map_70_difficulty_0,0.5042016806722689,0.6931118719034328,False
"item-level=37;required-level=30;candidate-band=35-42-30-37,35-45-30-40",30,37,3,2,54,map_129_difficulty_0,0.5185185185185185,0.6924611526112329,False
"item-level=37;required-level=31;candidate-band=35-42-30-37,35-45-30-40",31,37,2,2,105,map_129_difficulty_0,0.5523809523809524,0.687649570233094,False
"item-level=37;required-level=31;candidate-band=35-42-30-37,35-45-30-40",31,37,3,2,37,map_129_difficulty_0,0.5945945945945946,0.6751425885789244,False
"item-level=37;required-level=32;candidate-band=35-42-30-37,35-45-30-40",32,37,2,2,108,map_70_difficulty_0,0.5462962962962963,0.6888543401070146,False
"item-level=37;required-level=32;candidate-band=35-42-30-37,35-45-30-40",32,37,3,2,45,map_129_difficulty_0,0.6222222222222222,0.662965753462289,False
"item-level=37;required-level=33;candidate-band=35-42-30-37,35-45-30-40",33,37,2,2,118,map_129_difficulty_0,0.5677966101694916,0.6839260416848567,False
"item-level=37;required-level=33;candidate-band=35-42-30-37,35-45-30-40",33,37,3,2,39,map_70_difficulty_0,0.5384615384615384,0.6901856760188042,False
"item-level=37;required-level=34;candidate-band=35-42-30-37,35-45-30-40",34,37,2,2,118,map_129_difficulty_0,0.5084745762711864,0.6930035367960177,False
"item-level=37;required-level=34;candidate-band=35-42-30-37,35-45-30-40",34,37,3,2,34,map_70_difficulty_0,0.5294117647058824,0.6914160776171183,False
"item-level=37;required-level=35;candidate-band=35-42-30-37,35-45-30-40",35,37,2,2,115,map_129_difficulty_0,0.5391304347826087,0.6900816649627446,False
"item-level=37;required-level=35;candidate-band=35-42-30-37,35-45-30-40",35,37,3,2,32,map_129_difficulty_0,0.5625,0.6853142072764582,False
"item-level=37;required-level=36;candidate-band=35-42-30-37,35-45-30-40",36,37,2,2,111,map_129_difficulty_0,0.5585585585585585,0.6862732059950695,False
"item-level=37;required-level=36;candidate-band=35-42-30-37,35-45-30-40",36,37,3,2,36,map_70_difficulty_0,0.6111111111111112,0.6682484776645385,False
"item-level=38;required-level=31;candidate-band=35-42-30-37,35-45-30-40",31,38,2,2,113,map_70_difficulty_0,0.5575221238938053,0.6865149157559347,False
"item-level=38;required-level=31;candidate-band=35-42-30-37,35-45-30-40",31,38,3,2,39,map_129_difficulty_0,0.5384615384615384,0.6901856760188042,False
"item-level=38;required-level=32;candidate-band=35-42-30-37,35-45-30-40",32,38,2,2,95,map_70_difficulty_0,0.5157894736842106,0.6926484826961294,False
"item-level=38;required-level=32;candidate-band=35-42-30-37,35-45-30-40",32,38,3,2,36,map_129_difficulty_0,0.6111111111111112,0.6682484776645385,False
"item-level=38;required-level=33;candidate-band=35-42-30-37,35-45-30-40,38-39-33-34",33,38,2,3,103,map_129_difficulty_0,0.4077669902912621,1.084548407829626,False
"item-level=38;required-level=33;candidate-band=35-42-30-37,35-45-30-40,38-39-33-34",33,38,3,3,37,map_189_difficulty_0,0.43243243243243246,1.076752548142629,False
"item-level=38;required-level=34;candidate-band=35-42-30-37,35-45-30-40,38-39-33-34",34,38,2,3,99,map_189_difficulty_0,0.3838383838383838,1.0922572033790177,False
"item-level=38;required-level=34;candidate-band=35-42-30-37,35-45-30-40,38-39-33-34",34,38,3,3,39,map_189_difficulty_0,0.41025641025641024,1.0851732524354265,False
"item-level=38;required-level=35;candidate-band=35-42-30-37,35-45-30-40",35,38,2,2,104,map_129_difficulty_0,0.5192307692307693,0.6924073531233138,False
"item-level=38;required-level=35;candidate-band=35-42-30-37,35-45-30-40",35,38,3,2,57,map_129_difficulty_0,0.631578947368421,0.6581099875431143,False
"item-level=38;required-level=36;candidate-band=35-42-30-37,35-45-30-40",36,38,2,2,112,map_70_difficulty_0,0.5178571428571429,0.6925092898114951,False
"item-level=38;required-level=36;candidate-band=35-42-30-37,35-45-30-40",36,38,3,2,38,map_129_difficulty_0,0.5526315789473685,0.6875967375909238,False
"item-level=38;required-level=37;candidate-band=35-42-30-37,35-45-30-40",37,38,2,2,110,map_129_difficulty_0,0.5545454545454546,0.6871849083197554,False
"item-level=38;required-level=37;candidate-band=35-42-30-37,35-45-30-40",37,38,3,2,43,map_70_difficulty_0,0.5348837209302325,0.6907114543575098,False
"item-level=39;required-level=32;candidate-band=35-42-30-37,35-45-30-40",32,39,2,2,97,map_70_difficulty_0,0.6391752577319587,0.6538912462876596,False
"item-level=39;required-level=32;candidate-band=35-42-30-37,35-45-30-40",32,39,3,2,29,map_70_difficulty_0,0.5172413793103449,0.6925525323607232,False
"item-level=39;required-level=33;candidate-band=35-42-30-37,35-45-30-40,38-39-33-34",33,39,2,3,111,map_129_difficulty_0,0.38738738738738737,1.091930771984888,False
"item-level=39;required-level=33;candidate-band=35-42-30-37,35-45-30-40,38-39-33-34",33,39,3,3,49,map_189_difficulty_0,0.42857142857142855,1.0657703788875728,False
"item-level=39;required-level=34;candidate-band=35-42-30-37,35-45-30-40,38-39-33-34",34,39,2,3,104,map_70_difficulty_0,0.3557692307692308,1.0974200324761838,False
"item-level=39;required-level=34;candidate-band=35-42-30-37,35-45-30-40,38-39-33-34",34,39,3,3,36,map_70_difficulty_0,0.5,1.0272714193922146,False
"item-level=39;required-level=35;candidate-band=35-42-30-37,35-45-30-40",35,39,2,2,114,map_70_difficulty_0,0.5,0.6931471805599453,False
"item-level=39;required-level=35;candidate-band=35-42-30-37,35-45-30-40",35,39,3,2,51,map_129_difficulty_0,0.5490196078431373,0.6883336081894993,False
"item-level=39;required-level=36;candidate-band=35-42-30-37,35-45-30-40",36,39,2,2,106,map_129_difficulty_0,0.6037735849056604,0.6714519120090439,False
"item-level=39;required-level=36;candidate-band=35-42-30-37,35-45-30-40",36,39,3,2,37,map_129_difficulty_0,0.5675675675675675,0.6839884329677817,False
"item-level=39;required-level=37;candidate-band=35-42-30-37,35-45-30-40",37,39,2,2,117,map_70_difficulty_0,0.5982905982905983,0.6736986850214495,False
"item-level=39;required-level=37;candidate-band=35-42-30-37,35-45-30-40",37,39,3,2,40,map_129_difficulty_0,0.525,0.6918966592050799,False
item-level=39;required-level=38;candidate-band=35-45-30-40,38,39,2,1,85,map_70_difficulty_0,1.0,-0.0,False
item-level=39;required-level=38;candidate-band=35-45-30-40,38,39,3,1,29,map_70_difficulty_0,1.0,-0.0,False
"item-level=40;required-level=33;candidate-band=35-42-30-37,35-45-30-40",33,40,2,2,94,map_129_difficulty_0,0.5106382978723404,0.6929208167159919,False
"item-level=40;required-level=33;candidate-band=35-42-30-37,35-45-30-40",33,40,3,2,42,map_70_difficulty_0,0.5476190476190477,0.6886051523183013,False
"item-level=40;required-level=34;candidate-band=35-42-30-37,35-45-30-40",34,40,2,2,116,map_129_difficulty_0,0.5258620689655172,0.6918088902239691,False
"item-level=40;required-level=34;candidate-band=35-42-30-37,35-45-30-40",34,40,3,2,27,map_129_difficulty_0,0.7407407407407407,0.5722806988018472,False
"item-level=40;required-level=35;candidate-band=35-42-30-37,40-41-35-36",35,40,2,2,105,map_70_difficulty_0,0.5142857142857142,0.6927389617440811,False
"item-level=40;required-level=35;candidate-band=35-42-30-37,40-41-35-36",35,40,3,2,33,map_70_difficulty_0,0.5151515151515151,0.6926879734424749,False
"item-level=40;required-level=36;candidate-band=35-42-30-37,40-41-35-36",36,40,2,2,102,map_70_difficulty_0,0.5294117647058824,0.6914160776171183,False
"item-level=40;required-level=36;candidate-band=35-42-30-37,40-41-35-36",36,40,3,2,38,map_70_difficulty_0,0.5263157894736842,0.6917614988524178,False
"item-level=40;required-level=37;candidate-band=35-42-30-37,40-42-35-37",37,40,2,2,100,map_129_difficulty_0,0.53,0.6913460990017393,False
"item-level=40;required-level=37;candidate-band=35-42-30-37,40-42-35-37",37,40,3,2,51,map_70_difficulty_0,0.5294117647058824,0.6914160776171183,False
item-level=40;required-level=38;candidate-band=35-45-30-40,38,40,2,1,118,map_70_difficulty_0,1.0,-0.0,False
item-level=40;required-level=38;candidate-band=35-45-30-40,38,40,3,1,37,map_70_difficulty_0,1.0,-0.0,False
item-level=40;required-level=39;candidate-band=35-45-30-40,39,40,2,1,106,map_70_difficulty_0,1.0,-0.0,False
item-level=40;required-level=39;candidate-band=35-45-30-40,39,40,3,1,40,map_70_difficulty_0,1.0,-0.0,False
"item-level=41;required-level=34;candidate-band=35-42-30-37,35-45-30-40",34,41,2,2,105,map_129_difficulty_0,0.5238095238095238,0.6920129648318738,False
"item-level=41;required-level=34;candidate-band=35-42-30-37,35-45-30-40",34,41,3,2,33,map_70_difficulty_0,0.5454545454545454,0.6890092384766586,False
"item-level=41;required-level=35;candidate-band=35-42-30-37,40-41-35-36",35,41,2,2,91,map_70_difficulty_0,0.5604395604395604,0.6858234028520361,False
"item-level=41;required-level=35;candidate-band=35-42-30-37,40-41-35-36",35,41,3,2,40,map_70_difficulty_0,0.6,0.6730116670092565,False
"item-level=41;required-level=36;candidate-band=40-41-35-36,41-41-36-36",36,41,2,3,107,map_70_difficulty_0,0.38317757009345793,1.0928637740748282,False
"item-level=41;required-level=36;candidate-band=40-41-35-36,41-41-36-36",36,41,3,3,41,map_189_difficulty_0,0.36585365853658536,1.094390714787167,False
"item-level=41;required-level=37;candidate-band=40-42-35-37,41-42-36-37",37,41,2,2,103,map_70_difficulty_0,0.5339805825242718,0.6908360395756099,False
"item-level=41;required-level=37;candidate-band=40-42-35-37,41-42-36-37",37,41,3,2,32,map_70_difficulty_0,0.59375,0.6754645824509031,False
item-level=41;required-level=38;candidate-band=41-43-36-38,38,41,2,1,116,map_70_difficulty_0,1.0,-0.0,False
item-level=41;required-level=38;candidate-band=41-43-36-38,38,41,3,1,42,map_70_difficulty_0,1.0,-0.0,False
item-level=41;required-level=39;candidate-band=35-45-30-40,39,41,2,1,125,map_70_difficulty_0,1.0,-0.0,False
item-level=41;required-level=39;candidate-band=35-45-30-40,39,41,3,1,47,map_70_difficulty_0,1.0,-0.0,False
item-level=41;required-level=40;candidate-band=35-45-30-40,40,41,2,1,92,map_70_difficulty_0,1.0,-0.0,False
item-level=41;required-level=40;candidate-band=35-45-30-40,40,41,3,1,65,map_70_difficulty_0,1.0,-0.0,False
"item-level=42;required-level=35;candidate-band=35-42-30-37,40-42-35-37",35,42,2,2,96,map_70_difficulty_0,0.5520833333333334,0.6877119790398608,False
"item-level=42;required-level=35;candidate-band=35-42-30-37,40-42-35-37",35,42,3,2,54,map_70_difficulty_0,0.5370370370370371,0.6904011819103343,False
"item-level=42;required-level=36;candidate-band=41-42-36-37,41-43-36-38",36,42,2,2,108,map_129_difficulty_0,0.5092592592592593,0.6929757029941424,False
"item-level=42;required-level=36;candidate-band=41-42-36-37,41-43-36-38",36,42,3,2,32,map_129_difficulty_0,0.625,0.6615632381579821,False
"item-level=42;required-level=37;candidate-band=41-42-36-37,41-43-36-38,42-43-37-38",37,42,2,3,101,map_129_difficulty_0,0.39603960396039606,1.089275901754562,False
"item-level=42;required-level=37;candidate-band=41-42-36-37,41-43-36-38,42-43-37-38",37,42,3,3,45,map_129_difficulty_0,0.5111111111111111,1.0236462717837331,False
"item-level=42;required-level=38;candidate-band=41-43-36-38,42-43-37-38",38,42,2,2,107,map_189_difficulty_0,0.5607476635514018,0.6857483576983661,False
"item-level=42;required-level=38;candidate-band=41-43-36-38,42-43-37-38",38,42,3,2,46,map_70_difficulty_0,0.5434782608695652,0.6893616831435102,False
item-level=42;required-level=39;candidate-band=35-45-30-40,39,42,2,1,118,map_70_difficulty_0,1.0,-0.0,False
item-level=42;required-level=39;candidate-band=35-45-30-40,39,42,3,1,44,map_70_difficulty_0,1.0,-0.0,False
item-level=42;required-level=40;candidate-band=35-45-30-40,40,42,2,1,88,map_70_difficulty_0,1.0,-0.0,False
item-level=42;required-level=40;candidate-band=35-45-30-40,40,42,3,1,50,map_70_difficulty_0,1.0,-0.0,False
item-level=43;required-level=36;candidate-band=41-43-36-38,36,43,2,1,94,map_70_difficulty_0,1.0,-0.0,False
item-level=43;required-level=36;candidate-band=41-43-36-38,36,43,3,1,46,map_70_difficulty_0,1.0,-0.0,False
"item-level=43;required-level=37;candidate-band=41-43-36-38,42-43-37-38,43-44-37-40",37,43,2,3,101,map_70_difficulty_0,0.42574257425742573,1.0787561238117584,False
"item-level=43;required-level=37;candidate-band=41-43-36-38,42-43-37-38,43-44-37-40",37,43,3,3,43,map_70_difficulty_0,0.4186046511627907,1.0823649276334009,False
"item-level=43;required-level=38;candidate-band=41-43-36-38,42-43-37-38,43-44-37-40",38,43,2,3,114,map_70_difficulty_0,0.39473684210526316,1.0795493864695243,False
"item-level=43;required-level=38;candidate-band=41-43-36-38,42-43-37-38,43-44-37-40",38,43,3,3,44,map_129_difficulty_0,0.38636363636363635,1.0818511247006646,False
item-level=43;required-level=39;candidate-band=43-44-37-40,39,43,2,1,108,map_129_difficulty_0,1.0,-0.0,False
item-level=43;required-level=39;candidate-band=43-44-37-40,39,43,3,1,31,map_129_difficulty_0,1.0,-0.0,False
item-level=43;required-level=40;candidate-band=43-44-37-40,40,43,2,1,107,map_129_difficulty_0,1.0,-0.0,False
item-level=43;required-level=40;candidate-band=43-44-37-40,40,43,3,1,50,map_129_difficulty_0,1.0,-0.0,False
item-level=44;required-level=37;candidate-band=43-44-37-40,37,44,2,1,109,map_129_difficulty_0,1.0,-0.0,False
item-level=44;required-level=37;candidate-band=43-44-37-40,37,44,3,1,38,map_129_difficulty_0,1.0,-0.0,False
item-level=44;required-level=38;candidate-band=43-44-37-40,38,44,2,1,115,map_129_difficulty_0,1.0,-0.0,False
item-level=44;required-level=38;candidate-band=43-44-37-40,38,44,3,1,33,map_129_difficulty_0,1.0,-0.0,False
"item-level=44;required-level=39;candidate-band=43-44-37-40,44-44-39-39",39,44,2,2,105,map_129_difficulty_0,0.6285714285714286,0.659711615178473,False
"item-level=44;required-level=39;candidate-band=43-44-37-40,44-44-39-39",39,44,3,2,45,map_189_difficulty_0,0.5333333333333333,0.6909233093138181,False
item-level=44;required-level=40;candidate-band=43-44-37-40,40,44,2,1,92,map_129_difficulty_0,1.0,-0.0,False
item-level=44;required-level=40;candidate-band=43-44-37-40,40,44,3,1,58,map_129_difficulty_0,1.0,-0.0,False
item-level=45;required-level=38;candidate-band=35-45-30-40,38,45,2,1,96,map_70_difficulty_0,1.0,-0.0,False
item-level=45;required-level=38;candidate-band=35-45-30-40,38,45,3,1,39,map_70_difficulty_0,1.0,-0.0,False
item-level=45;required-level=39;candidate-band=35-45-30-40,39,45,2,1,85,map_70_difficulty_0,1.0,-0.0,False
item-level=45;required-level=39;candidate-band=35-45-30-40,39,45,3,1,41,map_70_difficulty_0,1.0,-0.0,False
"item-level=45;required-level=40;candidate-band=45-45-40-40,45-49-40-44",40,45,2,2,82,map_209_difficulty_0,0.5121951219512195,0.6928497090635346,False
"item-level=45;required-level=40;candidate-band=45-45-40-40,45-49-40-44",40,45,3,2,51,map_70_difficulty_0,0.5294117647058824,0.6914160776171183,False
item-level=45;required-level=41;candidate-band=45-49-40-44,41,45,2,1,98,map_209_difficulty_0,1.0,-0.0,False
item-level=45;required-level=41;candidate-band=45-49-40-44,41,45,3,1,57,map_209_difficulty_0,1.0,-0.0,False
item-level=45;required-level=42;candidate-band=45-49-40-44,42,45,2,1,112,map_209_difficulty_0,1.0,-0.0,False
item-level=45;required-level=42;candidate-band=45-49-40-44,42,45,3,1,64,map_209_difficulty_0,1.0,-0.0,False
item-level=45;required-level=43;candidate-band=45-49-40-44,43,45,2,1,116,map_209_difficulty_0,1.0,-0.0,False
item-level=45;required-level=43;candidate-band=45-49-40-44,43,45,3,1,45,map_209_difficulty_0,1.0,-0.0,False
item-level=45;required-level=44;candidate-band=45-49-40-44,44,45,2,1,99,map_209_difficulty_0,1.0,-0.0,False
item-level=45;required-level=44;candidate-band=45-49-40-44,44,45,3,1,61,map_209_difficulty_0,1.0,-0.0,False
"item-level=46;required-level=40;candidate-band=45-49-40-44,46-47-40-40",40,46,2,2,92,map_209_difficulty_0,0.532608695652174,0.6910190163724763,False
"item-level=46;required-level=40;candidate-band=45-49-40-44,46-47-40-40",40,46,3,2,63,map_209_difficulty_0,0.5555555555555556,0.6869615765973234,False
"item-level=46;required-level=41;candidate-band=46-49-41-44,46-54-41-49",41,46,2,2,86,map_209_difficulty_0,0.5581395348837209,0.686371452146747,False
"item-level=46;required-level=41;candidate-band=46-49-41-44,46-54-41-49",41,46,3,2,62,map_209_difficulty_0,0.5,0.6931471805599453,False
"item-level=46;required-level=42;candidate-band=46-49-41-44,46-54-41-49",42,46,2,2,86,map_109_difficulty_0,0.5116279069767442,0.6928767397383337,False
"item-level=46;required-level=42;candidate-band=46-49-41-44,46-54-41-49",42,46,3,2,51,map_209_difficulty_0,0.6274509803921569,0.6602983877487646,False
"item-level=46;required-level=43;candidate-band=46-49-41-44,46-54-41-49",43,46,2,2,87,map_109_difficulty_0,0.5172413793103449,0.6925525323607232,False
"item-level=46;required-level=43;candidate-band=46-49-41-44,46-54-41-49",43,46,3,2,63,map_209_difficulty_0,0.5238095238095238,0.6920129648318738,False
"item-level=46;required-level=44;candidate-band=46-49-41-44,46-54-41-49",44,46,2,2,110,map_109_difficulty_0,0.5454545454545454,0.6890092384766586,False
"item-level=46;required-level=44;candidate-band=46-49-41-44,46-54-41-49",44,46,3,2,45,map_209_difficulty_0,0.5111111111111111,0.6929002466535776,False
"item-level=46;required-level=45;candidate-band=45-50-40-45,46-54-41-49",45,46,2,2,80,map_209_difficulty_0,0.525,0.6918966592050799,False
"item-level=46;required-level=45;candidate-band=45-50-40-45,46-54-41-49",45,46,3,2,65,map_209_difficulty_0,0.5538461538461539,0.6873371029105955,False
"item-level=47;required-level=40;candidate-band=45-49-40-44,46-47-40-40",40,47,2,2,95,map_209_difficulty_0,0.5684210526315789,0.6837548573968837,False
"item-level=47;required-level=40;candidate-band=45-49-40-44,46-47-40-40",40,47,3,2,62,map_70_difficulty_0,0.5,0.6931471805599453,False
"item-level=47;required-level=41;candidate-band=46-49-41-44,46-54-41-49",41,47,2,2,80,map_109_difficulty_0,0.525,0.6918966592050799,False
"item-level=47;required-level=41;candidate-band=46-49-41-44,46-54-41-49",41,47,3,2,70,map_109_difficulty_0,0.5714285714285714,0.6829081047004717,False
"item-level=47;required-level=42;candidate-band=46-54-41-49,47-47-42-42",42,47,2,2,95,map_209_difficulty_0,0.5052631578947369,0.6930917778747354,False
"item-level=47;required-level=42;candidate-band=46-54-41-49,47-47-42-42",42,47,3,2,60,map_209_difficulty_0,0.5166666666666667,0.6925915220779792,False
"item-level=47;required-level=43;candidate-band=46-49-41-44,46-54-41-49",43,47,2,2,92,map_209_difficulty_0,0.532608695652174,0.6910190163724763,False
"item-level=47;required-level=43;candidate-band=46-49-41-44,46-54-41-49",43,47,3,2,57,map_209_difficulty_0,0.5263157894736842,0.6917614988524178,False
"item-level=47;required-level=44;candidate-band=46-49-41-44,46-54-41-49",44,47,2,2,86,map_209_difficulty_0,0.5581395348837209,0.686371452146747,False
"item-level=47;required-level=44;candidate-band=46-49-41-44,46-54-41-49",44,47,3,2,66,map_209_difficulty_0,0.6212121212121212,0.6634676154115522,False
"item-level=47;required-level=45;candidate-band=45-50-40-45,46-54-41-49",45,47,2,2,87,map_109_difficulty_0,0.5287356321839081,0.6914947971215378,False
"item-level=47;required-level=45;candidate-band=45-50-40-45,46-54-41-49",45,47,3,2,60,map_209_difficulty_0,0.5333333333333333,0.6909233093138181,False
item-level=47;required-level=46;candidate-band=46-54-41-49,46,47,2,1,94,map_109_difficulty_0,1.0,-0.0,False
item-level=47;required-level=46;candidate-band=46-54-41-49,46,47,3,1,51,map_109_difficulty_0,1.0,-0.0,False
"item-level=48;required-level=41;candidate-band=46-49-41-44,46-54-41-49",41,48,2,2,74,map_209_difficulty_0,0.527027027027027,0.6916855479178767,False
"item-level=48;required-level=41;candidate-band=46-49-41-44,46-54-41-49",41,48,3,2,61,map_209_difficulty_0,0.6229508196721312,0.6626010603048997,False
"item-level=48;required-level=42;candidate-band=46-49-41-44,46-54-41-49",42,48,2,2,85,map_209_difficulty_0,0.5411764705882353,0.6897523336955567,False
"item-level=48;required-level=42;candidate-band=46-49-41-44,46-54-41-49",42,48,3,2,56,map_209_difficulty_0,0.5,0.6931471805599453,False
"item-level=48;required-level=43;candidate-band=46-54-41-49,48-50-43-45",43,48,2,2,72,map_209_difficulty_0,0.5833333333333334,0.6791932659915256,False
"item-level=48;required-level=43;candidate-band=46-54-41-49,48-50-43-45",43,48,3,2,57,map_209_difficulty_0,0.5964912280701754,0.6744087274254286,False
"item-level=48;required-level=44;candidate-band=46-54-41-49,48-50-43-45",44,48,2,2,96,map_109_difficulty_0,0.5520833333333334,0.6877119790398608,False
"item-level=48;required-level=44;candidate-band=46-54-41-49,48-50-43-45",44,48,3,2,61,map_109_difficulty_0,0.5245901639344263,0.6919373402520164,False
"item-level=48;required-level=45;candidate-band=46-54-41-49,48-50-43-45",45,48,2,2,99,map_209_difficulty_0,0.5151515151515151,0.6926879734424749,False
"item-level=48;required-level=45;candidate-band=46-54-41-49,48-50-43-45",45,48,3,2,66,map_209_difficulty_0,0.5757575757575758,0.6816244336247836,False
item-level=48;required-level=46;candidate-band=46-54-41-49,46,48,2,1,83,map_109_difficulty_0,1.0,-0.0,False
item-level=48;required-level=46;candidate-band=46-54-41-49,46,48,3,1,68,map_109_difficulty_0,1.0,-0.0,False
item-level=48;required-level=47;candidate-band=46-54-41-49,47,48,2,1,93,map_109_difficulty_0,1.0,-0.0,False
item-level=48;required-level=47;candidate-band=46-54-41-49,47,48,3,1,56,map_109_difficulty_0,1.0,-0.0,False
"item-level=49;required-level=42;candidate-band=46-49-41-44,46-54-41-49",42,49,2,2,88,map_209_difficulty_0,0.5340909090909091,0.6908209961231,False
"item-level=49;required-level=42;candidate-band=46-49-41-44,46-54-41-49",42,49,3,2,68,map_109_difficulty_0,0.5882352941176471,0.6774944044487072,False
"item-level=49;required-level=43;candidate-band=46-54-41-49,48-50-43-45",43,49,2,2,79,map_209_difficulty_0,0.5822784810126582,0.6795459060506643,False
"item-level=49;required-level=43;candidate-band=46-54-41-49,48-50-43-45",43,49,3,2,50,map_109_difficulty_0,0.56,0.6859298002523728,False
"item-level=49;required-level=44;candidate-band=46-54-41-49,48-50-43-45",44,49,2,2,90,map_209_difficulty_0,0.5111111111111111,0.6929002466535776,False
"item-level=49;required-level=44;candidate-band=46-54-41-49,48-50-43-45",44,49,3,2,54,map_209_difficulty_0,0.6296296296296297,0.6591525038229908,False
"item-level=49;required-level=45;candidate-band=46-54-41-49,48-50-43-45",45,49,2,2,80,map_209_difficulty_0,0.55,0.6881388137135884,False
"item-level=49;required-level=45;candidate-band=46-54-41-49,48-50-43-45",45,49,3,2,53,map_109_difficulty_0,0.5094339622641509,0.6929691707091894,False
item-level=49;required-level=45;candidate-band=48-50-43-45,45,49,3,1,5,map_209_difficulty_0,1.0,-0.0,False
item-level=49;required-level=46;candidate-band=46-54-41-49,46,49,2,1,84,map_109_difficulty_0,1.0,-0.0,False
item-level=49;required-level=46;candidate-band=46-54-41-49,46,49,3,1,48,map_109_difficulty_0,1.0,-0.0,False
item-level=49;required-level=47;candidate-band=46-54-41-49,47,49,2,1,76,map_109_difficulty_0,1.0,-0.0,False
item-level=49;required-level=47;candidate-band=46-54-41-49,47,49,3,1,58,map_109_difficulty_0,1.0,-0.0,False
item-level=49;required-level=48;candidate-band=46-54-41-49,48,49,2,1,89,map_109_difficulty_0,1.0,-0.0,False
item-level=49;required-level=48;candidate-band=46-54-41-49,48,49,3,1,53,map_109_difficulty_0,1.0,-0.0,False
"item-level=50;required-level=43;candidate-band=46-54-41-49,48-50-43-45",43,50,2,2,83,map_209_difficulty_0,0.5421686746987951,0.6895865582873564,False
"item-level=50;required-level=43;candidate-band=46-54-41-49,48-50-43-45",43,50,3,2,48,map_109_difficulty_0,0.5208333333333334,0.6922788736563188,False
"item-level=50;required-level=44;candidate-band=46-54-41-49,48-50-43-45,50-50-44-44",44,50,2,3,94,map_349_difficulty_0,0.39361702127659576,1.0860670452579553,False
"item-level=50;required-level=44;candidate-band=46-54-41-49,48-50-43-45,50-50-44-44",44,50,3,3,57,map_209_difficulty_0,0.45614035087719296,1.0637189967445884,False
"item-level=50;required-level=45;candidate-band=46-54-41-49,50-50-45-45",45,50,2,2,90,map_109_difficulty_0,0.5444444444444444,0.6891913443047393,False
"item-level=50;required-level=45;candidate-band=46-54-41-49,50-50-45-45",45,50,3,2,70,map_209_difficulty_0,0.5714285714285714,0.6829081047004717,False
item-level=50;required-level=46;candidate-band=46-54-41-49,46,50,2,1,87,map_109_difficulty_0,1.0,-0.0,False
item-level=50;required-level=46;candidate-band=46-54-41-49,46,50,3,1,67,map_109_difficulty_0,1.0,-0.0,False
item-level=50;required-level=47;candidate-band=46-54-41-49,47,50,2,1,88,map_109_difficulty_0,1.0,-0.0,False
item-level=50;required-level=47;candidate-band=46-54-41-49,47,50,3,1,50,map_109_difficulty_0,1.0,-0.0,False
item-level=50;required-level=48;candidate-band=46-54-41-49,48,50,2,1,90,map_109_difficulty_0,1.0,-0.0,False
item-level=50;required-level=48;candidate-band=46-54-41-49,48,50,3,1,58,map_109_difficulty_0,1.0,-0.0,False
item-level=50;required-level=49;candidate-band=46-54-41-49,49,50,2,1,88,map_109_difficulty_0,1.0,-0.0,False
item-level=50;required-level=49;candidate-band=46-54-41-49,49,50,3,1,61,map_109_difficulty_0,1.0,-0.0,False
item-level=51;required-level=44;candidate-band=46-54-41-49,44,51,2,1,87,map_109_difficulty_0,1.0,-0.0,False
item-level=51;required-level=44;candidate-band=46-54-41-49,44,51,3,1,48,map_109_difficulty_0,1.0,-0.0,False
item-level=51;required-level=45;candidate-band=46-54-41-49,45,51,2,1,88,map_109_difficulty_0,1.0,-0.0,False
item-level=51;required-level=45;candidate-band=46-54-41-49,45,51,3,1,51,map_109_difficulty_0,1.0,-0.0,False
"item-level=51;required-level=46;candidate-band=51-51-46-46,51-52-46-47",46,51,2,2,90,map_109_difficulty_0,0.5444444444444444,0.6891913443047393,False
"item-level=51;required-level=46;candidate-band=51-51-46-46,51-52-46-47",46,51,3,2,55,map_109_difficulty_0,0.5454545454545454,0.6890092384766586,False
item-level=51;required-level=47;candidate-band=51-52-46-47,47,51,2,1,78,map_109_difficulty_0,1.0,-0.0,False
item-level=51;required-level=47;candidate-band=51-52-46-47,47,51,3,1,67,map_109_difficulty_0,1.0,-0.0,False
item-level=51;required-level=48;candidate-band=46-54-41-49,48,51,2,1,110,map_109_difficulty_0,1.0,-0.0,False
item-level=51;required-level=48;candidate-band=46-54-41-49,48,51,3,1,64,map_109_difficulty_0,1.0,-0.0,False
item-level=51;required-level=49;candidate-band=46-54-41-49,49,51,2,1,87,map_109_difficulty_0,1.0,-0.0,False
item-level=51;required-level=49;candidate-band=46-54-41-49,49,51,3,1,56,map_109_difficulty_0,1.0,-0.0,False
item-level=51;required-level=50;candidate-band=51-59-46-54,50,51,2,1,90,map_230_difficulty_0,1.0,-0.0,False
item-level=51;required-level=50;candidate-band=51-59-46-54,50,51,3,1,51,map_230_difficulty_0,1.0,-0.0,False
item-level=52;required-level=45;candidate-band=46-54-41-49,45,52,2,1,95,map_109_difficulty_0,1.0,-0.0,False
item-level=52;required-level=45;candidate-band=46-54-41-49,45,52,3,1,58,map_109_difficulty_0,1.0,-0.0,False
"item-level=52;required-level=46;candidate-band=51-52-46-47,52-52-46-46",46,52,2,2,102,map_349_difficulty_0,0.5294117647058824,0.6914160776171183,False
"item-level=52;required-level=46;candidate-band=51-52-46-47,52-52-46-46",46,52,3,2,53,map_349_difficulty_0,0.5283018867924528,0.6915443304085231,False
"item-level=52;required-level=47;candidate-band=51-52-46-47,52-53-47-48",47,52,2,2,94,map_230_difficulty_0,0.5,0.6931471805599453,False
"item-level=52;required-level=47;candidate-band=51-52-46-47,52-53-47-48",47,52,3,2,54,map_230_difficulty_0,0.5,0.6931471805599453,False
"item-level=52;required-level=48;candidate-band=46-54-41-49,52-53-47-48",48,52,2,2,85,map_230_difficulty_0,0.5529411764705883,0.687531122961194,False
"item-level=52;required-level=48;candidate-band=46-54-41-49,52-53-47-48",48,52,3,2,57,map_230_difficulty_0,0.5964912280701754,0.6744087274254286,False
item-level=52;required-level=49;candidate-band=46-54-41-49,49,52,2,1,94,map_109_difficulty_0,1.0,-0.0,False
item-level=52;required-level=49;candidate-band=46-54-41-49,49,52,3,1,53,map_109_difficulty_0,1.0,-0.0,False
item-level=52;required-level=50;candidate-band=51-59-46-54,50,52,2,1,103,map_230_difficulty_0,1.0,-0.0,False
item-level=52;required-level=50;candidate-band=51-59-46-54,50,52,3,1,57,map_230_difficulty_0,1.0,-0.0,False
item-level=52;required-level=51;candidate-band=51-59-46-54,51,52,2,1,93,map_230_difficulty_0,1.0,-0.0,False
item-level=52;required-level=51;candidate-band=51-59-46-54,51,52,3,1,57,map_230_difficulty_0,1.0,-0.0,False
item-level=53;required-level=46;candidate-band=51-59-46-54,46,53,2,1,89,map_230_difficulty_0,1.0,-0.0,False
item-level=53;required-level=46;candidate-band=51-59-46-54,46,53,3,1,47,map_230_difficulty_0,1.0,-0.0,False
"item-level=53;required-level=47;candidate-band=46-54-41-49,52-53-47-48",47,53,2,2,108,map_230_difficulty_0,0.5925925925925926,0.6759010305740114,False
"item-level=53;required-level=47;candidate-band=46-54-41-49,52-53-47-48",47,53,3,2,55,map_230_difficulty_0,0.6,0.6730116670092565,False
"item-level=53;required-level=48;candidate-band=53-53-48-48,53-54-48-49",48,53,2,3,91,map_230_difficulty_0,0.37362637362637363,1.0941586859791466,False
"item-level=53;required-level=48;candidate-band=53-53-48-48,53-54-48-49",48,53,3,3,71,map_349_difficulty_0,0.36619718309859156,1.0948098332511589,False
"item-level=53;required-level=49;candidate-band=51-59-46-54,53-54-48-49",49,53,2,2,91,map_109_difficulty_0,0.5164835164835165,0.6926036694533748,False
"item-level=53;required-level=49;candidate-band=51-59-46-54,53-54-48-49",49,53,3,2,63,map_109_difficulty_0,0.5079365079365079,0.6930211989529488,False
item-level=53;required-level=50;candidate-band=51-59-46-54,50,53,2,1,85,map_230_difficulty_0,1.0,-0.0,False
item-level=53;required-level=50;candidate-band=51-59-46-54,50,53,3,1,56,map_230_difficulty_0,1.0,-0.0,False
item-level=53;required-level=51;candidate-band=51-59-46-54,51,53,2,1,109,map_230_difficulty_0,1.0,-0.0,False
item-level=53;required-level=51;candidate-band=51-59-46-54,51,53,3,1,48,map_230_difficulty_0,1.0,-0.0,False
item-level=53;required-level=52;candidate-band=51-59-46-54,52,53,2,1,81,map_230_difficulty_0,1.0,-0.0,False
item-level=53;required-level=52;candidate-band=51-59-46-54,52,53,3,1,55,map_230_difficulty_0,1.0,-0.0,False
"item-level=54;required-level=47;candidate-band=46-54-41-49,52-57-47-48",47,54,2,2,98,map_230_difficulty_0,0.5,0.6931471805599453,False
"item-level=54;required-level=47;candidate-band=46-54-41-49,52-57-47-48",47,54,3,2,64,map_230_difficulty_0,0.59375,0.6754645824509031,False
"item-level=54;required-level=48;candidate-band=52-57-47-48,53-54-48-49,54-54-48-49",48,54,2,3,87,map_230_difficulty_0,0.39080459770114945,1.0860397709168297,False
"item-level=54;required-level=48;candidate-band=52-57-47-48,53-54-48-49,54-54-48-49",48,54,3,3,58,map_349_difficulty_0,0.3620689655172414,1.0965463995380536,False
item-level=54;required-level=48;candidate-band=54-54-48-49,48,54,4,1,2,map_349_difficulty_0,1.0,-0.0,False
"item-level=54;required-level=49;candidate-band=51-59-46-54,53-54-48-49,54-54-48-49",49,54,2,3,99,map_349_difficulty_0,0.3838383838383838,1.0862717065963003,False
"item-level=54;required-level=49;candidate-band=51-59-46-54,53-54-48-49,54-54-48-49",49,54,3,3,59,map_349_difficulty_0,0.4067796610169492,1.0670193498509124,False
item-level=54;required-level=49;candidate-band=54-54-48-49,49,54,4,1,2,map_349_difficulty_0,1.0,-0.0,False
item-level=54;required-level=50;candidate-band=51-59-46-54,50,54,2,1,98,map_230_difficulty_0,1.0,-0.0,False
item-level=54;required-level=50;candidate-band=51-59-46-54,50,54,3,1,56,map_230_difficulty_0,1.0,-0.0,False
item-level=54;required-level=51;candidate-band=51-59-46-54,51,54,2,1,81,map_230_difficulty_0,1.0,-0.0,False
item-level=54;required-level=51;candidate-band=51-59-46-54,51,54,3,1,58,map_230_difficulty_0,1.0,-0.0,False
item-level=54;required-level=52;candidate-band=51-59-46-54,52,54,2,1,105,map_230_difficulty_0,1.0,-0.0,False
item-level=54;required-level=52;candidate-band=51-59-46-54,52,54,3,1,67,map_230_difficulty_0,1.0,-0.0,False
item-level=54;required-level=53;candidate-band=51-59-46-54,53,54,2,1,99,map_230_difficulty_0,1.0,-0.0,False
item-level=54;required-level=53;candidate-band=51-59-46-54,53,54,3,1,52,map_230_difficulty_0,1.0,-0.0,False
item-level=55;required-level=48;candidate-band=52-57-47-48,48,55,2,1,92,map_230_difficulty_0,1.0,-0.0,False
item-level=55;required-level=48;candidate-band=52-57-47-48,48,55,3,1,50,map_230_difficulty_0,1.0,-0.0,False
item-level=55;required-level=49;candidate-band=51-59-46-54,49,55,2,1,98,map_230_difficulty_0,1.0,-0.0,False
item-level=55;required-level=49;candidate-band=51-59-46-54,49,55,3,1,57,map_230_difficulty_0,1.0,-0.0,False
item-level=55;required-level=50;candidate-band=55-55-50-50,50,55,2,2,83,map_230_difficulty_0,0.5421686746987951,0.6895865582873564,False
item-level=55;required-level=50;candidate-band=55-55-50-50,50,55,3,2,53,map_230_difficulty_0,0.5094339622641509,0.6929691707091894,False
item-level=55;required-level=51;candidate-band=55-56-50-51,51,55,2,1,95,map_230_difficulty_0,1.0,-0.0,False
item-level=55;required-level=51;candidate-band=55-56-50-51,51,55,3,1,70,map_230_difficulty_0,1.0,-0.0,False
item-level=55;required-level=52;candidate-band=51-59-46-54,52,55,2,1,97,map_230_difficulty_0,1.0,-0.0,False
item-level=55;required-level=52;candidate-band=51-59-46-54,52,55,3,1,55,map_230_difficulty_0,1.0,-0.0,False
item-level=55;required-level=53;candidate-band=51-59-46-54,53,55,2,1,87,map_230_difficulty_0,1.0,-0.0,False
item-level=55;required-level=53;candidate-band=51-59-46-54,53,55,3,1,46,map_230_difficulty_0,1.0,-0.0,False
item-level=55;required-level=54;candidate-band=51-59-46-54,54,55,2,1,92,map_230_difficulty_0,1.0,-0.0,False
item-level=55;required-level=54;candidate-band=51-59-46-54,54,55,3,1,53,map_230_difficulty_0,1.0,-0.0,False
item-level=56;required-level=49;candidate-band=51-59-46-54,49,56,2,1,65,map_230_difficulty_0,1.0,-0.0,False
item-level=56;required-level=49;candidate-band=51-59-46-54,49,56,3,1,51,map_230_difficulty_0,1.0,-0.0,False
"item-level=56;required-level=50;candidate-band=55-56-50-51,56-57-50-52",50,56,2,2,93,map_230_difficulty_0,0.5161290322580645,0.6926267989248349,False
"item-level=56;required-level=50;candidate-band=55-56-50-51,56-57-50-52",50,56,3,2,58,map_109_difficulty_0,0.5689655172413793,0.6836043010619561,False
item-level=56;required-level=50;candidate-band=56-57-50-52,50,56,4,1,2,map_109_difficulty_0,1.0,-0.0,False
"item-level=56;required-level=51;candidate-band=55-56-50-51,56-57-50-52",51,56,2,2,93,map_230_difficulty_0,0.5161290322580645,0.6926267989248349,False
"item-level=56;required-level=51;candidate-band=55-56-50-51,56-57-50-52",51,56,3,2,59,map_109_difficulty_0,0.576271186440678,0.6814670463014058,False
item-level=56;required-level=51;candidate-band=56-57-50-52,51,56,4,1,2,map_109_difficulty_0,1.0,-0.0,False
"item-level=56;required-level=52;candidate-band=55-63-50-58,56-57-50-52,56-58-51-53",52,56,2,3,89,map_230_difficulty_0,0.3707865168539326,1.0955105034601704,False
"item-level=56;required-level=52;candidate-band=55-63-50-58,56-57-50-52,56-58-51-53",52,56,3,3,57,map_230_difficulty_0,0.5087719298245614,1.0284569095380545,False
item-level=56;required-level=52;candidate-band=56-57-50-52,52,56,4,1,6,map_109_difficulty_0,1.0,-0.0,False
"item-level=56;required-level=53;candidate-band=55-63-50-58,56-58-51-53",53,56,2,2,82,map_230_difficulty_0,0.524390243902439,0.6919569402657239,False
"item-level=56;required-level=53;candidate-band=55-63-50-58,56-58-51-53",53,56,3,2,50,map_230_difficulty_0,0.56,0.6859298002523728,False
item-level=56;required-level=54;candidate-band=51-59-46-54,54,56,2,1,74,map_230_difficulty_0,1.0,-0.0,False
item-level=56;required-level=54;candidate-band=51-59-46-54,54,56,3,1,48,map_230_difficulty_0,1.0,-0.0,False
item-level=56;required-level=55;candidate-band=55-63-50-58,55,56,2,1,97,map_429_difficulty_0,1.0,-0.0,False
item-level=56;required-level=55;candidate-band=55-63-50-58,55,56,3,1,65,map_429_difficulty_0,1.0,-0.0,False
"item-level=57;required-level=50;candidate-band=51-59-46-54,56-57-50-52",50,57,2,2,94,map_109_difficulty_0,0.5531914893617021,0.6874777893536668,False
"item-level=57;required-level=50;candidate-band=51-59-46-54,56-57-50-52",50,57,3,2,69,map_230_difficulty_0,0.5217391304347826,0.6922017029622767,False
item-level=57;required-level=50;candidate-band=56-57-50-52,50,57,4,1,5,map_109_difficulty_0,1.0,-0.0,False
"item-level=57;required-level=51;candidate-band=55-63-50-58,56-57-50-52,56-58-51-53",51,57,2,3,94,map_429_difficulty_0,0.35106382978723405,1.097823778894493,False
"item-level=57;required-level=51;candidate-band=55-63-50-58,56-57-50-52,56-58-51-53",51,57,3,3,60,map_230_difficulty_0,0.45,1.0691171991069497,False
item-level=57;required-level=51;candidate-band=56-57-50-52,51,57,4,1,3,map_109_difficulty_0,1.0,-0.0,False
"item-level=57;required-level=52;candidate-band=55-63-50-58,56-57-50-52,57-57-52-52,57-59-52-54",52,57,2,4,76,map_329_difficulty_0,0.3684210526315789,1.3415035189768751,False
"item-level=57;required-level=52;candidate-band=55-63-50-58,56-57-50-52,57-57-52-52,57-59-52-54",52,57,3,4,63,map_109_difficulty_0,0.31746031746031744,1.3574720967065455,False
item-level=57;required-level=52;candidate-band=56-57-50-52,52,57,4,1,2,map_109_difficulty_0,1.0,-0.0,False
"item-level=57;required-level=53;candidate-band=55-63-50-58,57-58-52-53,57-59-52-54,57-62-52-57,57-63-52-58",53,57,2,5,90,map_429_difficulty_0,0.24444444444444444,1.5994784312759376,False
"item-level=57;required-level=53;candidate-band=55-63-50-58,57-58-52-53,57-59-52-54,57-62-52-57,57-63-52-58",53,57,3,5,69,map_289_difficulty_0,0.30434782608695654,1.5599774153572679,False
"item-level=57;required-level=54;candidate-band=55-63-50-58,57-59-52-54,57-62-52-57,57-63-52-58",54,57,2,4,89,map_329_difficulty_0,0.3707865168539326,1.3422637528831909,False
"item-level=57;required-level=54;candidate-band=55-63-50-58,57-59-52-54,57-62-52-57,57-63-52-58",54,57,3,4,52,map_329_difficulty_0,0.34615384615384615,1.3284296754634135,False
"item-level=57;required-level=55;candidate-band=55-63-50-58,57-62-52-57,57-63-52-58",55,57,2,4,116,map_289_difficulty_0,0.29310344827586204,1.3768649728064306,False
"item-level=57;required-level=55;candidate-band=55-63-50-58,57-62-52-57,57-63-52-58",55,57,3,4,73,map_329_difficulty_0,0.2876712328767123,1.3776512695215346,False
"item-level=57;required-level=56;candidate-band=55-63-50-58,57-62-52-57,57-63-52-58",56,57,2,4,96,map_329_difficulty_0,0.2708333333333333,1.3785434393534148,False
"item-level=57;required-level=56;candidate-band=55-63-50-58,57-62-52-57,57-63-52-58",56,57,3,4,66,map_429_difficulty_0,0.2878787878787879,1.372161728500592,False
"item-level=58;required-level=51;candidate-band=55-63-50-58,56-58-51-53",51,58,2,2,88,map_230_difficulty_0,0.5454545454545454,0.6890092384766586,False
"item-level=58;required-level=51;candidate-band=55-63-50-58,56-58-51-53",51,58,3,2,55,map_230_difficulty_0,0.5454545454545454,0.6890092384766586,False
"item-level=58;required-level=52;candidate-band=55-63-50-58,57-58-52-53,57-59-52-54,57-62-52-57,57-63-52-58",52,58,2,5,93,map_229_difficulty_0,0.27956989247311825,1.5866989814560033,False
"item-level=58;required-level=52;candidate-band=55-63-50-58,57-58-52-53,57-59-52-54,57-62-52-57,57-63-52-58",52,58,3,5,54,map_329_difficulty_0,0.2962962962962963,1.5783419721934653,False
"item-level=58;required-level=52;candidate-band=57-58-52-53,57-59-52-54",52,58,3,2,5,map_230_difficulty_0,1.0,-0.0,False
"item-level=58;required-level=53;candidate-band=57-62-52-57,57-63-52-58,58-58-53-53,58-59-53-54",53,58,2,5,90,map_230_difficulty_0,0.24444444444444444,1.5816034617709724,False
"item-level=58;required-level=53;candidate-band=57-62-52-57,57-63-52-58,58-58-53-53,58-59-53-54",53,58,3,5,69,map_429_difficulty_0,0.2318840579710145,1.589367988680853,False
item-level=58;required-level=53;candidate-band=58-59-53-54,53,58,4,1,4,map_230_difficulty_0,1.0,-0.0,False
"item-level=58;required-level=54;candidate-band=55-63-50-58,57-62-52-57,57-63-52-58,58-59-53-54",54,58,2,5,86,map_230_difficulty_0,0.29069767441860467,1.5582050153619358,False
"item-level=58;required-level=54;candidate-band=55-63-50-58,57-62-52-57,57-63-52-58,58-59-53-54",54,58,3,5,72,map_329_difficulty_0,0.2777777777777778,1.5470051420960511,False
item-level=58;required-level=54;candidate-band=58-59-53-54,54,58,4,1,3,map_230_difficulty_0,1.0,-0.0,False
"item-level=58;required-level=55;candidate-band=55-63-50-58,57-62-52-57,57-63-52-58,58-60-53-55",55,58,2,5,108,map_230_difficulty_0,0.23148148148148148,1.6023025617959012,False
"item-level=58;required-level=55;candidate-band=55-63-50-58,57-62-52-57,57-63-52-58,58-60-53-55",55,58,3,5,80,map_289_difficulty_0,0.225,1.5950731635509294,False
"item-level=58;required-level=56;candidate-band=55-63-50-58,57-62-52-57,57-63-52-58",56,58,2,4,109,map_229_difficulty_0,0.3669724770642202,1.3419344048849284,False
"item-level=58;required-level=56;candidate-band=55-63-50-58,57-62-52-57,57-63-52-58",56,58,3,4,74,map_329_difficulty_0,0.35135135135135137,1.3600473984760095,False
"item-level=58;required-level=57;candidate-band=55-63-50-58,57-62-52-57,57-63-52-58",57,58,2,4,103,map_429_difficulty_0,0.3106796116504854,1.3639838919432161,False
"item-level=58;required-level=57;candidate-band=55-63-50-58,57-62-52-57,57-63-52-58",57,58,3,4,74,map_289_difficulty_0,0.3108108108108108,1.369707770217419,False
"item-level=59;required-level=52;candidate-band=55-63-50-58,57-59-52-54,57-62-52-57,57-63-52-58",52,59,2,4,92,map_429_difficulty_0,0.29347826086956524,1.380250079294148,False
"item-level=59;required-level=52;candidate-band=55-63-50-58,57-59-52-54,57-62-52-57,57-63-52-58",52,59,3,4,52,map_329_difficulty_0,0.3076923076923077,1.373129907581153,False
"item-level=59;required-level=53;candidate-band=55-63-50-58,57-62-52-57,57-63-52-58,58-59-53-54",53,59,2,5,92,map_230_difficulty_0,0.25,1.5892570956885543,False
"item-level=59;required-level=53;candidate-band=55-63-50-58,57-62-52-57,57-63-52-58,58-59-53-54",53,59,3,5,65,map_329_difficulty_0,0.27692307692307694,1.5644297031838423,False
item-level=59;required-level=53;candidate-band=58-59-53-54,53,59,4,1,1,map_230_difficulty_0,1.0,-0.0,False
item-level=59;required-level=54;candidate-band=58-59-53-54,54,59,4,1,1,map_230_difficulty_0,1.0,-0.0,False
"item-level=59;required-level=54;candidate-band=58-59-53-54,59-59-54-54",54,59,2,5,92,map_329_difficulty_0,0.25,1.5955183697155735,False
"item-level=59;required-level=54;candidate-band=58-59-53-54,59-59-54-54",54,59,3,5,69,map_329_difficulty_0,0.2318840579710145,1.597851015734399,False
"item-level=59;required-level=55;candidate-band=55-63-50-58,57-62-52-57,58-60-53-55,59-60-54-55",55,59,2,5,101,map_329_difficulty_0,0.27722772277227725,1.5834227118686046,False
"item-level=59;required-level=55;candidate-band=55-63-50-58,57-62-52-57,58-60-53-55,59-60-54-55",55,59,3,5,75,map_329_difficulty_0,0.29333333333333333,1.5679054736641724,False
item-level=59;required-level=55;candidate-band=59-61-54-55,55,59,4,1,1,map_230_difficulty_0,1.0,-0.0,False
"item-level=59;required-level=56;candidate-band=55-63-50-58,57-62-52-57,59-61-54-56",56,59,2,4,100,map_229_difficulty_0,0.32,1.3610290456436795,False
"item-level=59;required-level=56;candidate-band=55-63-50-58,57-62-52-57,59-61-54-56",56,59,3,4,50,map_229_difficulty_0,0.3,1.3758264976095544,False
item-level=59;required-level=56;candidate-band=59-61-54-56,56,59,3,2,5,map_229_difficulty_0,1.0,-0.0,False
"item-level=59;required-level=57;candidate-band=55-63-50-58,57-62-52-57,57-63-52-58",57,59,2,4,125,map_229_difficulty_0,0.272,1.3836404132658306,False
"item-level=59;required-level=57;candidate-band=55-63-50-58,57-62-52-57,57-63-52-58",57,59,3,4,63,map_289_difficulty_0,0.3333333333333333,1.3606904126559198,False
"item-level=60;required-level=53;candidate-band=55-63-50-58,57-62-52-57,57-63-52-58,58-60-53-55",53,60,2,5,85,map_429_difficulty_0,0.24705882352941178,1.5834492535414382,False
"item-level=60;required-level=53;candidate-band=55-63-50-58,57-62-52-57,57-63-52-58,58-60-53-55",53,60,3,5,57,map_329_difficulty_0,0.2631578947368421,1.5793460672325013,False
"item-level=60;required-level=54;candidate-band=55-63-50-58,57-62-52-57,59-60-54-55,59-61-54-55",54,60,2,5,99,map_329_difficulty_0,0.26262626262626265,1.5912048979806854,False
"item-level=60;required-level=54;candidate-band=55-63-50-58,57-62-52-57,59-60-54-55,59-61-54-55",54,60,3,5,46,map_289_difficulty_0,0.30434782608695654,1.558415382658894,False
item-level=60;required-level=54;candidate-band=59-61-54-55,54,60,4,1,2,map_230_difficulty_0,1.0,-0.0,False
"item-level=60;required-level=55;candidate-band=57-62-52-57,59-61-54-55,60-60-55-55",55,60,2,5,126,map_429_difficulty_0,0.23809523809523808,1.5964797068525591,False
"item-level=60;required-level=55;candidate-band=57-62-52-57,59-61-54-55,60-60-55-55",55,60,3,5,73,map_329_difficulty_0,0.3150684931506849,1.5503406938072106,False
"item-level=60;required-level=56;candidate-band=55-63-50-58,57-62-52-57,60-61-55-56",56,60,2,4,92,map_429_difficulty_0,0.33695652173913043,1.3554071608717189,False
"item-level=60;required-level=56;candidate-band=55-63-50-58,57-62-52-57,60-61-55-56",56,60,3,4,63,map_289_difficulty_0,0.3333333333333333,1.364371660358231,False
item-level=60;required-level=56;candidate-band=60-62-55-57,56,60,4,1,2,map_229_difficulty_0,1.0,-0.0,False
"item-level=60;required-level=57;candidate-band=55-63-50-58,57-62-52-57,60-62-55-57",57,60,2,4,110,map_429_difficulty_0,0.2818181818181818,1.3818533325918951,False
"item-level=60;required-level=57;candidate-band=55-63-50-58,57-62-52-57,60-62-55-57",57,60,3,4,64,map_429_difficulty_0,0.3125,1.3738649631963993,False
"item-level=60;required-level=57;candidate-band=59-65-54-60,60-62-55-57",57,60,3,2,5,map_329_difficulty_0,1.0,-0.0,False
"item-level=61;required-level=54;candidate-band=55-63-50-58,57-62-52-57,59-61-54-55,59-61-54-56",54,61,2,5,97,map_229_difficulty_0,0.24742268041237114,1.584017989838415,False
"item-level=61;required-level=54;candidate-band=55-63-50-58,57-62-52-57,59-61-54-55,59-61-54-56",54,61,3,5,58,map_329_difficulty_0,0.2413793103448276,1.5954230447007538,False
item-level=61;required-level=54;candidate-band=59-61-54-55,54,61,4,1,1,map_230_difficulty_0,1.0,-0.0,False
"item-level=61;required-level=55;candidate-band=55-63-50-58,57-62-52-57,59-61-54-55,60-61-55-56",55,61,2,5,107,map_429_difficulty_0,0.2523364485981308,1.5836406650830053,False
"item-level=61;required-level=55;candidate-band=55-63-50-58,57-62-52-57,59-61-54-55,60-61-55-56",55,61,3,5,61,map_229_difficulty_0,0.29508196721311475,1.5450154327461245,False
"item-level=61;required-level=55;candidate-band=59-61-54-55,60-62-55-57",55,61,4,2,3,map_229_difficulty_0,0.6666666666666666,0.6365141682948128,False
item-level=61;required-level=56;candidate-band=60-62-55-57,56,61,4,1,4,map_229_difficulty_0,1.0,-0.0,False
item-level=61;required-level=56;candidate-band=61-61-56-56,56,61,2,4,114,map_289_difficulty_0,0.2807017543859649,1.379115848609986,False
item-level=61;required-level=56;candidate-band=61-61-56-56,56,61,3,4,56,map_429_difficulty_0,0.32142857142857145,1.3188761849675041,False
"item-level=61;required-level=57;candidate-band=57-62-52-57,60-62-55-57,61-61-56-57,61-62-56-57",57,61,2,4,103,map_289_difficulty_0,0.34951456310679613,1.3336026840336694,False
"item-level=61;required-level=57;candidate-band=57-62-52-57,60-62-55-57,61-61-56-57,61-62-56-57",57,61,3,4,68,map_229_difficulty_0,0.29411764705882354,1.3803688096995606,False
item-level=61;required-level=57;candidate-band=60-62-55-57,57,61,4,1,4,map_229_difficulty_0,1.0,-0.0,False
"item-level=62;required-level=55;candidate-band=55-63-50-58,57-62-52-57,60-62-55-57",55,62,2,4,100,map_429_difficulty_0,0.27,1.3813496102067846,False
"item-level=62;required-level=55;candidate-band=55-63-50-58,57-62-52-57,60-62-55-57",55,62,3,4,65,map_429_difficulty_0,0.27692307692307694,1.3780927393248925,False
item-level=62;required-level=55;candidate-band=60-62-55-57,55,62,4,1,3,map_229_difficulty_0,1.0,-0.0,False
"item-level=62;required-level=56;candidate-band=57-62-52-57,60-62-55-57,61-62-56-57",56,62,2,4,104,map_289_difficulty_0,0.2692307692307692,1.3844436951310044,False
"item-level=62;required-level=56;candidate-band=57-62-52-57,60-62-55-57,61-62-56-57",56,62,3,4,75,map_289_difficulty_0,0.32,1.3527580660929202,False
item-level=62;required-level=56;candidate-band=60-62-55-57,56,62,4,1,6,map_229_difficulty_0,1.0,-0.0,False
"item-level=62;required-level=57;candidate-band=60-62-55-57,62-62-57-57",57,62,2,4,95,map_329_difficulty_0,0.3473684210526316,1.3497172974989815,False
"item-level=62;required-level=57;candidate-band=60-62-55-57,62-62-57-57",57,62,3,4,69,map_289_difficulty_0,0.34782608695652173,1.3426342145273142,False
"item-level=63;required-level=56;candidate-band=55-63-50-58,57-63-52-58,59-65-54-60,61-65-56-56",56,63,2,4,127,map_289_difficulty_0,0.30708661417322836,1.3626547523407264,False
"item-level=63;required-level=56;candidate-band=55-63-50-58,57-63-52-58,59-65-54-60,61-65-56-56",56,63,3,4,73,map_289_difficulty_0,0.3424657534246575,1.3301046069980735,False
"item-level=63;required-level=57;candidate-band=57-63-52-58,62-63-57-58",57,63,2,3,120,map_289_difficulty_0,0.38333333333333336,1.093113161330621,False
"item-level=63;required-level=57;candidate-band=57-63-52-58,62-63-57-58",57,63,3,3,73,map_329_difficulty_0,0.4520547945205479,1.0433079050995417,False
item-level=63;required-level=57;candidate-band=62-63-57-58,57,63,3,2,5,map_329_difficulty_0,1.0,-0.0,False
item-level=64;required-level=57;candidate-band=59-65-54-60,57,64,2,1,100,map_329_difficulty_0,1.0,-0.0,False
item-level=64;required-level=57;candidate-band=59-65-54-60,57,64,3,1,63,map_329_difficulty_0,1.0,-0.0,False
item-level=87;required-level=60;candidate-band=84-88-60-60,60,87,2,1,30,map_531_difficulty_0,1.0,-0.0,False
item-level=87;required-level=60;candidate-band=84-88-60-60,60,87,3,1,45,map_531_difficulty_0,1.0,-0.0,False
item-level=87;required-level=60;candidate-band=84-88-60-60,60,87,4,1,5,map_531_difficulty_0,1.0,-0.0,False
item-level=88;required-level=60;candidate-band=84-88-60-60,60,88,2,1,111,map_531_difficulty_0,1.0,-0.0,False
item-level=88;required-level=60;candidate-band=84-88-60-60,60,88,3,1,92,map_531_difficulty_0,1.0,-0.0,False
item-level=88;required-level=60;candidate-band=84-88-60-60,60,88,4,1,14,map_531_difficulty_0,1.0,-0.0,False
item-level=96;required-level=62;candidate-band=96-106-62-67,62,96,2,1,106,map_557_difficulty_0,1.0,-0.0,False
item-level=96;required-level=62;candidate-band=96-106-62-67,62,96,3,1,109,map_557_difficulty_0,1.0,-0.0,False
item-level=97;required-level=62;candidate-band=96-106-62-67,62,97,2,1,108,map_557_difficulty_0,1.0,-0.0,False
item-level=97;required-level=62;candidate-band=96-106-62-67,62,97,3,1,104,map_557_difficulty_0,1.0,-0.0,False
item-level=98;required-level=62;candidate-band=96-106-62-67,62,98,2,1,107,map_557_difficulty_0,1.0,-0.0,False
item-level=98;required-level=62;candidate-band=96-106-62-67,62,98,3,1,105,map_557_difficulty_0,1.0,-0.0,False
item-level=99;required-level=62;candidate-band=96-106-62-67,62,99,2,1,119,map_557_difficulty_0,1.0,-0.0,False
item-level=99;required-level=62;candidate-band=96-106-62-67,62,99,3,1,95,map_557_difficulty_0,1.0,-0.0,False
item-level=99;required-level=63;candidate-band=96-106-62-67,63,99,2,1,116,map_557_difficulty_0,1.0,-0.0,False
item-level=99;required-level=63;candidate-band=96-106-62-67,63,99,3,1,98,map_557_difficulty_0,1.0,-0.0,False
