profile_id,encounter,rank,pool_id,item_count,chance,quantity,loot_mode,item_level_min,item_level_max,parent_type,parent_entry
map_269_difficulty_0,trash,0,3100000,31,2.0,1,1,114,120,creature,17952
map_269_difficulty_0,trash,0,3100000,31,2.0,1,1,114,120,creature,18982
map_269_difficulty_0,trash,0,3100000,31,2.0,1,1,114,120,creature,18983
map_269_difficulty_1,trash,0,3110000,20,2.0,1,2,114,120,creature,17952
map_269_difficulty_1,trash,0,3110000,20,2.0,1,2,114,120,creature,18982
map_269_difficulty_1,trash,0,3110000,20,2.0,1,2,114,120,creature,18983
map_289_difficulty_0,boss_000452,0,3120000,15,2.0,1,1,58,101,creature,10503
map_289_difficulty_0,trash,0,3120001,4,2.0,1,1,58,101,creature,10469
map_289_difficulty_0,trash,0,3120001,4,2.0,1,1,58,101,creature,10470
map_289_difficulty_0,trash,0,3120001,4,2.0,1,1,58,101,creature,10471
map_289_difficulty_0,trash,0,3120001,4,2.0,1,1,58,101,creature,10472
map_289_difficulty_0,trash,0,3120001,4,2.0,1,1,58,101,creature,10475
map_289_difficulty_0,trash,0,3120001,4,2.0,1,1,58,101,creature,10476
map_289_difficulty_0,trash,0,3120001,4,2.0,1,1,58,101,creature,10477
map_289_difficulty_0,trash,0,3120001,4,2.0,1,1,58,101,creature,10478
map_289_difficulty_0,trash,0,3120001,4,2.0,1,1,58,101,creature,10480
map_289_difficulty_0,trash,0,3120001,4,2.0,1,1,58,101,creature,10481
map_289_difficulty_0,trash,0,3120001,4,2.0,1,1,58,101,creature,10485
map_289_difficulty_0,trash,0,3120001,4,2.0,1,1,58,101,creature,10486
map_289_difficulty_0,trash,0,3120001,4,2.0,1,1,58,101,creature,10487
map_289_difficulty_0,trash,0,3120001,4,2.0,1,1,58,101,creature,10488
map_289_difficulty_0,trash,0,3120001,4,2.0,1,1,58,101,creature,10489
map_289_difficulty_0,trash,0,3120001,4,2.0,1,1,58,101,creature,10491
map_289_difficulty_0,trash,0,3120001,4,2.0,1,1,58,101,creature,10495
map_289_difficulty_0,trash,0,3120001,4,2.0,1,1,58,101,creature,10498
map_289_difficulty_0,trash,0,3120001,4,2.0,1,1,58,101,creature,10499
map_289_difficulty_0,trash,0,3120001,4,2.0,1,1,58,101,creature,10500
map_289_difficulty_0,trash,0,3120001,4,2.0,1,1,58,101,creature,10678
map_289_difficulty_0,trash,0,3120001,4,2.0,1,1,58,101,creature,11257
map_289_difficulty_0,trash,0,3120001,4,2.0,1,1,58,101,creature,11551
map_289_difficulty_0,trash,0,3120001,4,2.0,1,1,58,101,creature,11582
map_289_difficulty_0,trash,0,3120001,4,2.0,1,1,58,101,creature,14695
map_289_difficulty_0,trash,0,3120001,4,2.0,1,1,58,101,creature,14861
map_289_difficulty_0,boss_000453,1,3120002,11,2.0,1,1,58,101,creature,11622
map_289_difficulty_0,boss_000454,2,3120003,9,2.0,1,1,58,101,creature,10433
map_289_difficulty_0,boss_000455,3,3120004,15,2.0,1,1,58,101,creature,10432
map_289_difficulty_0,boss_000456,4,3120005,9,2.0,1,1,58,101,creature,10508
map_289_difficulty_0,boss_000457,5,3120006,14,2.0,1,1,58,101,creature,10505
map_289_difficulty_0,boss_000458,6,3120007,9,2.0,1,1,58,101,creature,11261
map_289_difficulty_0,boss_000459,7,3120008,7,2.0,1,1,58,101,creature,10901
map_289_difficulty_0,boss_000460,8,3120009,9,2.0,1,1,58,101,creature,10507
map_289_difficulty_0,boss_000461,9,3120010,13,2.0,1,1,58,101,creature,10504
map_289_difficulty_0,boss_000462,10,3120011,11,2.0,1,1,58,101,creature,10502
map_289_difficulty_0,boss_000463,11,3120012,9,2.0,1,1,58,101,creature,1853
map_309_difficulty_0,boss_000784,0,3130000,23,2.0,1,1,57,104,creature,14507
map_309_difficulty_0,trash,0,3130001,7,2.0,1,1,57,104,creature,11338
map_309_difficulty_0,trash,0,3130001,7,2.0,1,1,57,104,creature,11339
map_309_difficulty_0,trash,0,3130001,7,2.0,1,1,57,104,creature,11340
map_309_difficulty_0,trash,0,3130001,7,2.0,1,1,57,104,creature,11350
map_309_difficulty_0,trash,0,3130001,7,2.0,1,1,57,104,creature,11351
map_309_difficulty_0,trash,0,3130001,7,2.0,1,1,57,104,creature,11352
map_309_difficulty_0,trash,0,3130001,7,2.0,1,1,57,104,creature,11353
map_309_difficulty_0,trash,0,3130001,7,2.0,1,1,57,104,creature,11356
map_309_difficulty_0,trash,0,3130001,7,2.0,1,1,57,104,creature,11357
map_309_difficulty_0,trash,0,3130001,7,2.0,1,1,57,104,creature,11359
map_309_difficulty_0,trash,0,3130001,7,2.0,1,1,57,104,creature,11360
map_309_difficulty_0,trash,0,3130001,7,2.0,1,1,57,104,creature,11361
map_309_difficulty_0,trash,0,3130001,7,2.0,1,1,57,104,creature,11365
map_309_difficulty_0,trash,0,3130001,7,2.0,1,1,57,104,creature,11368
map_309_difficulty_0,trash,0,3130001,7,2.0,1,1,57,104,creature,11370
map_309_difficulty_0,trash,0,3130001,7,2.0,1,1,57,104,creature,11371
map_309_difficulty_0,trash,0,3130001,7,2.0,1,1,57,104,creature,11372
map_309_difficulty_0,trash,0,3130001,7,2.0,1,1,57,104,creature,11373
map_309_difficulty_0,trash,0,3130001,7,2.0,1,1,57,104,creature,11387
map_309_difficulty_0,trash,0,3130001,7,2.0,1,1,57,104,creature,11388
map_309_difficulty_0,trash,0,3130001,7,2.0,1,1,57,104,creature,11390
map_309_difficulty_0,trash,0,3130001,7,2.0,1,1,57,104,creature,11391
map_309_difficulty_0,trash,0,3130001,7,2.0,1,1,57,104,creature,11830
map_309_difficulty_0,trash,0,3130001,7,2.0,1,1,57,104,creature,11831
map_309_difficulty_0,trash,0,3130001,7,2.0,1,1,57,104,creature,14532
map_309_difficulty_0,trash,0,3130001,7,2.0,1,1,57,104,creature,14750
map_309_difficulty_0,trash,0,3130001,7,2.0,1,1,57,104,creature,14821
map_309_difficulty_0,trash,0,3130001,7,2.0,1,1,57,104,creature,14825
map_309_difficulty_0,trash,0,3130001,7,2.0,1,1,57,104,creature,14880
map_309_difficulty_0,trash,0,3130001,7,2.0,1,1,57,104,creature,14882
map_309_difficulty_0,trash,0,3130001,7,2.0,1,1,57,104,creature,14883
map_309_difficulty_0,trash,0,3130001,7,2.0,1,1,57,104,creature,15043
map_309_difficulty_0,trash,0,3130001,7,2.0,1,1,57,104,creature,15067
map_309_difficulty_0,trash,0,3130001,7,2.0,1,1,57,104,creature,15111
map_309_difficulty_0,boss_000785,1,3130002,24,2.0,1,1,57,104,creature,14517
map_309_difficulty_0,boss_000786,2,3130003,19,2.0,1,1,57,104,creature,14510
map_309_difficulty_0,boss_000787,3,3130004,26,2.0,1,1,57,104,creature,11382
map_309_difficulty_0,boss_000789,4,3130005,14,2.0,1,1,57,104,creature,14509
map_309_difficulty_0,boss_000792,5,3130006,22,2.0,1,1,57,104,creature,11380
map_309_difficulty_0,boss_000793,6,3130007,13,2.0,1,1,57,104,creature,14834
map_329_difficulty_0,boss_000472,0,3140000,23,2.0,1,1,56,101,creature,10516
map_329_difficulty_0,trash,0,3140001,7,2.0,1,1,56,101,creature,10381
map_329_difficulty_0,trash,0,3140001,7,2.0,1,1,56,101,creature,10382
map_329_difficulty_0,trash,0,3140001,7,2.0,1,1,56,101,creature,10384
map_329_difficulty_0,trash,0,3140001,7,2.0,1,1,56,101,creature,10385
map_329_difficulty_0,trash,0,3140001,7,2.0,1,1,56,101,creature,10390
map_329_difficulty_0,trash,0,3140001,7,2.0,1,1,56,101,creature,10391
map_329_difficulty_0,trash,0,3140001,7,2.0,1,1,56,101,creature,10393
map_329_difficulty_0,trash,0,3140001,7,2.0,1,1,56,101,creature,10398
map_329_difficulty_0,trash,0,3140001,7,2.0,1,1,56,101,creature,10399
map_329_difficulty_0,trash,0,3140001,7,2.0,1,1,56,101,creature,10400
map_329_difficulty_0,trash,0,3140001,7,2.0,1,1,56,101,creature,10405
map_329_difficulty_0,trash,0,3140001,7,2.0,1,1,56,101,creature,10406
map_329_difficulty_0,trash,0,3140001,7,2.0,1,1,56,101,creature,10407
map_329_difficulty_0,trash,0,3140001,7,2.0,1,1,56,101,creature,10408
map_329_difficulty_0,trash,0,3140001,7,2.0,1,1,56,101,creature,10409
map_329_difficulty_0,trash,0,3140001,7,2.0,1,1,56,101,creature,10411
map_329_difficulty_0,trash,0,3140001,7,2.0,1,1,56,101,creature,10412
map_329_difficulty_0,trash,0,3140001,7,2.0,1,1,56,101,creature,10413
map_329_difficulty_0,trash,0,3140001,7,2.0,1,1,56,101,creature,10414
map_329_difficulty_0,trash,0,3140001,7,2.0,1,1,56,101,creature,10416
map_329_difficulty_0,trash,0,3140001,7,2.0,1,1,56,101,creature,10417
map_329_difficulty_0,trash,0,3140001,7,2.0,1,1,56,101,creature,10418
map_329_difficulty_0,trash,0,3140001,7,2.0,1,1,56,101,creature,10419
map_329_difficulty_0,trash,0,3140001,7,2.0,1,1,56,101,creature,10420
map_329_difficulty_0,trash,0,3140001,7,2.0,1,1,56,101,creature,10421
map_329_difficulty_0,trash,0,3140001,7,2.0,1,1,56,101,creature,10422
map_329_difficulty_0,trash,0,3140001,7,2.0,1,1,56,101,creature,10423
map_329_difficulty_0,trash,0,3140001,7,2.0,1,1,56,101,creature,10424
map_329_difficulty_0,trash,0,3140001,7,2.0,1,1,56,101,creature,10425
map_329_difficulty_0,trash,0,3140001,7,2.0,1,1,56,101,creature,10426
map_329_difficulty_0,trash,0,3140001,7,2.0,1,1,56,101,creature,10463
map_329_difficulty_0,trash,0,3140001,7,2.0,1,1,56,101,creature,10464
map_329_difficulty_0,trash,0,3140001,7,2.0,1,1,56,101,creature,10809
map_329_difficulty_0,trash,0,3140001,7,2.0,1,1,56,101,creature,11043
map_329_difficulty_0,trash,0,3140001,7,2.0,1,1,56,101,creature,11082
map_329_difficulty_0,trash,0,3140001,7,2.0,1,1,56,101,creature,14684
map_329_difficulty_0,boss_000473,1,3140002,14,2.0,1,1,56,101,creature,10558
map_329_difficulty_0,boss_000474,2,3140003,15,2.0,1,1,56,101,creature,10808
map_329_difficulty_0,boss_000475,3,3140004,17,2.0,1,1,56,101,creature,10997
map_329_difficulty_0,boss_000476,4,3140005,20,2.0,1,1,56,101,creature,11032
map_329_difficulty_0,boss_000477,5,3140006,11,2.0,1,1,56,101,creature,10811
map_329_difficulty_0,boss_000479,6,3140007,16,2.0,1,1,56,101,creature,10436
map_329_difficulty_0,boss_000480,7,3140008,7,2.0,1,1,56,101,creature,10437
map_329_difficulty_0,boss_000481,8,3140009,8,2.0,1,1,56,101,creature,10438
map_329_difficulty_0,boss_000482,9,3140010,12,2.0,1,1,56,101,creature,10435
map_329_difficulty_0,boss_000484,10,3140011,19,2.0,1,1,56,101,creature,10440
map_349_difficulty_0,boss_000422,0,3150000,53,2.0,1,1,43,59,creature,13282
map_349_difficulty_0,trash,0,3150001,23,2.0,1,1,43,59,creature,11783
map_349_difficulty_0,trash,0,3150001,23,2.0,1,1,43,59,creature,11784
map_349_difficulty_0,trash,0,3150001,23,2.0,1,1,43,59,creature,11789
map_349_difficulty_0,trash,0,3150001,23,2.0,1,1,43,59,creature,11790
map_349_difficulty_0,trash,0,3150001,23,2.0,1,1,43,59,creature,11791
map_349_difficulty_0,trash,0,3150001,23,2.0,1,1,43,59,creature,11792
map_349_difficulty_0,trash,0,3150001,23,2.0,1,1,43,59,creature,11793
map_349_difficulty_0,trash,0,3150001,23,2.0,1,1,43,59,creature,11794
map_349_difficulty_0,trash,0,3150001,23,2.0,1,1,43,59,creature,12206
map_349_difficulty_0,trash,0,3150001,23,2.0,1,1,43,59,creature,12207
map_349_difficulty_0,trash,0,3150001,23,2.0,1,1,43,59,creature,12216
map_349_difficulty_0,trash,0,3150001,23,2.0,1,1,43,59,creature,12217
map_349_difficulty_0,trash,0,3150001,23,2.0,1,1,43,59,creature,12218
map_349_difficulty_0,trash,0,3150001,23,2.0,1,1,43,59,creature,12219
map_349_difficulty_0,trash,0,3150001,23,2.0,1,1,43,59,creature,12220
map_349_difficulty_0,trash,0,3150001,23,2.0,1,1,43,59,creature,12221
map_349_difficulty_0,trash,0,3150001,23,2.0,1,1,43,59,creature,12222
map_349_difficulty_0,trash,0,3150001,23,2.0,1,1,43,59,creature,12223
map_349_difficulty_0,trash,0,3150001,23,2.0,1,1,43,59,creature,12224
map_349_difficulty_0,trash,0,3150001,23,2.0,1,1,43,59,creature,12237
map_349_difficulty_0,trash,0,3150001,23,2.0,1,1,43,59,creature,12242
map_349_difficulty_0,trash,0,3150001,23,2.0,1,1,43,59,creature,12243
map_349_difficulty_0,trash,0,3150001,23,2.0,1,1,43,59,creature,13141
map_349_difficulty_0,trash,0,3150001,23,2.0,1,1,43,59,creature,13142
map_349_difficulty_0,trash,0,3150001,23,2.0,1,1,43,59,creature,13323
map_349_difficulty_0,trash,0,3150001,23,2.0,1,1,43,59,creature,13533
map_349_difficulty_0,trash,0,3150001,23,2.0,1,1,43,59,creature,13599
map_349_difficulty_0,boss_000423,1,3150002,70,2.0,1,1,43,59,creature,12258
map_349_difficulty_0,boss_000424,2,3150003,59,2.0,1,1,43,59,creature,12236
map_349_difficulty_0,boss_000425,3,3150004,54,2.0,1,1,43,59,creature,12225
map_349_difficulty_0,boss_000426,4,3150005,58,2.0,1,1,43,59,creature,12203
map_349_difficulty_0,boss_000427,5,3150006,65,2.0,1,1,43,59,creature,13601
map_349_difficulty_0,boss_000428,6,3150007,49,2.0,1,1,43,59,creature,13596
map_349_difficulty_0,boss_000429,7,3150008,65,2.0,1,1,43,59,creature,12201
map_389_difficulty_0,boss_000430,0,3160000,80,2.0,1,1,14,24,creature,11517
map_389_difficulty_0,trash,0,3160001,25,2.0,1,1,14,24,creature,11318
map_389_difficulty_0,trash,0,3160001,25,2.0,1,1,14,24,creature,11319
map_389_difficulty_0,trash,0,3160001,25,2.0,1,1,14,24,creature,11320
map_389_difficulty_0,trash,0,3160001,25,2.0,1,1,14,24,creature,11321
map_389_difficulty_0,trash,0,3160001,25,2.0,1,1,14,24,creature,11322
map_389_difficulty_0,trash,0,3160001,25,2.0,1,1,14,24,creature,11323
map_389_difficulty_0,trash,0,3160001,25,2.0,1,1,14,24,creature,11324
map_389_difficulty_0,boss_000431,1,3160002,86,2.0,1,1,14,24,creature,11520
map_389_difficulty_0,boss_000432,2,3160003,90,2.0,1,1,14,24,creature,11518
map_389_difficulty_0,boss_000433,3,3160004,87,2.0,1,1,14,24,creature,11519
map_409_difficulty_0,boss_000663,0,3170000,5,2.0,1,1,91,104,creature,12118
map_409_difficulty_0,trash,0,3170001,2,2.0,1,1,91,104,creature,11658
map_409_difficulty_0,trash,0,3170001,2,2.0,1,1,91,104,creature,11659
map_409_difficulty_0,trash,0,3170001,2,2.0,1,1,91,104,creature,11661
map_409_difficulty_0,trash,0,3170001,2,2.0,1,1,91,104,creature,11662
map_409_difficulty_0,trash,0,3170001,2,2.0,1,1,91,104,creature,11665
map_409_difficulty_0,trash,0,3170001,2,2.0,1,1,91,104,creature,11666
map_409_difficulty_0,trash,0,3170001,2,2.0,1,1,91,104,creature,11667
map_409_difficulty_0,trash,0,3170001,2,2.0,1,1,91,104,creature,11668
map_409_difficulty_0,trash,0,3170001,2,2.0,1,1,91,104,creature,11673
map_409_difficulty_0,trash,0,3170001,2,2.0,1,1,91,104,creature,12076
map_409_difficulty_0,trash,0,3170001,2,2.0,1,1,91,104,creature,12100
map_409_difficulty_0,trash,0,3170001,2,2.0,1,1,91,104,creature,12101
map_409_difficulty_0,trash,0,3170001,2,2.0,1,1,91,104,creature,12119
map_409_difficulty_0,boss_000664,1,3170002,4,2.0,1,1,91,104,creature,11982
map_409_difficulty_0,boss_000665,2,3170003,4,2.0,1,1,91,104,creature,12259
map_409_difficulty_0,boss_000666,3,3170004,5,2.0,1,1,91,104,creature,12057
map_409_difficulty_0,boss_000667,4,3170005,7,2.0,1,1,91,104,creature,12264
map_409_difficulty_0,boss_000669,6,3170007,6,2.0,1,1,91,104,creature,12098
map_409_difficulty_0,boss_000670,7,3170008,3,2.0,1,1,91,104,creature,11988
map_429_difficulty_0,boss_000343,0,3180000,12,2.0,1,1,55,101,creature,11490
map_429_difficulty_0,trash,0,3180001,2,2.0,1,1,55,101,creature,11441
map_429_difficulty_0,trash,0,3180001,2,2.0,1,1,55,101,creature,11444
map_429_difficulty_0,trash,0,3180001,2,2.0,1,1,55,101,creature,11445
map_429_difficulty_0,trash,0,3180001,2,2.0,1,1,55,101,creature,11448
map_429_difficulty_0,trash,0,3180001,2,2.0,1,1,55,101,creature,11450
map_429_difficulty_0,trash,0,3180001,2,2.0,1,1,55,101,creature,11451
map_429_difficulty_0,trash,0,3180001,2,2.0,1,1,55,101,creature,11452
map_429_difficulty_0,trash,0,3180001,2,2.0,1,1,55,101,creature,11453
map_429_difficulty_0,trash,0,3180001,2,2.0,1,1,55,101,creature,11454
map_429_difficulty_0,trash,0,3180001,2,2.0,1,1,55,101,creature,11455
map_429_difficulty_0,trash,0,3180001,2,2.0,1,1,55,101,creature,11456
map_429_difficulty_0,trash,0,3180001,2,2.0,1,1,55,101,creature,11457
map_429_difficulty_0,trash,0,3180001,2,2.0,1,1,55,101,creature,11458
map_429_difficulty_0,trash,0,3180001,2,2.0,1,1,55,101,creature,11459
map_429_difficulty_0,trash,0,3180001,2,2.0,1,1,55,101,creature,11461
map_429_difficulty_0,trash,0,3180001,2,2.0,1,1,55,101,creature,11462
map_429_difficulty_0,trash,0,3180001,2,2.0,1,1,55,101,creature,11464
map_429_difficulty_0,trash,0,3180001,2,2.0,1,1,55,101,creature,11465
map_429_difficulty_0,trash,0,3180001,2,2.0,1,1,55,101,creature,11467
map_429_difficulty_0,trash,0,3180001,2,2.0,1,1,55,101,creature,11469
map_429_difficulty_0,trash,0,3180001,2,2.0,1,1,55,101,creature,11470
map_429_difficulty_0,trash,0,3180001,2,2.0,1,1,55,101,creature,11471
map_429_difficulty_0,trash,0,3180001,2,2.0,1,1,55,101,creature,11472
map_429_difficulty_0,trash,0,3180001,2,2.0,1,1,55,101,creature,11473
map_429_difficulty_0,trash,0,3180001,2,2.0,1,1,55,101,creature,11475
map_429_difficulty_0,trash,0,3180001,2,2.0,1,1,55,101,creature,11476
map_429_difficulty_0,trash,0,3180001,2,2.0,1,1,55,101,creature,11477
map_429_difficulty_0,trash,0,3180001,2,2.0,1,1,55,101,creature,11480
map_429_difficulty_0,trash,0,3180001,2,2.0,1,1,55,101,creature,11483
map_429_difficulty_0,trash,0,3180001,2,2.0,1,1,55,101,creature,11484
map_429_difficulty_0,trash,0,3180001,2,2.0,1,1,55,101,creature,13021
map_429_difficulty_0,trash,0,3180001,2,2.0,1,1,55,101,creature,13022
map_429_difficulty_0,trash,0,3180001,2,2.0,1,1,55,101,creature,13036
map_429_difficulty_0,trash,0,3180001,2,2.0,1,1,55,101,creature,13160
map_429_difficulty_0,trash,0,3180001,2,2.0,1,1,55,101,creature,13196
map_429_difficulty_0,trash,0,3180001,2,2.0,1,1,55,101,creature,13197
map_429_difficulty_0,trash,0,3180001,2,2.0,1,1,55,101,creature,13276
map_429_difficulty_0,trash,0,3180001,2,2.0,1,1,55,101,creature,13285
map_429_difficulty_0,trash,0,3180001,2,2.0,1,1,55,101,creature,14303
map_429_difficulty_0,trash,0,3180001,2,2.0,1,1,55,101,creature,14308
map_429_difficulty_0,trash,0,3180001,2,2.0,1,1,55,101,creature,14349
map_429_difficulty_0,trash,0,3180001,2,2.0,1,1,55,101,creature,14354
map_429_difficulty_0,trash,0,3180001,2,2.0,1,1,55,101,creature,14398
map_429_difficulty_0,trash,0,3180001,2,2.0,1,1,55,101,creature,14399
map_429_difficulty_0,trash,0,3180001,2,2.0,1,1,55,101,creature,14400
map_429_difficulty_0,trash,0,3180001,2,2.0,1,1,55,101,creature,14690
map_429_difficulty_0,boss_000344,1,3180002,13,2.0,1,1,55,101,creature,13280
map_429_difficulty_0,boss_000345,2,3180003,11,2.0,1,1,55,101,creature,14327
map_429_difficulty_0,boss_000346,3,3180004,12,2.0,1,1,55,101,creature,11492
map_429_difficulty_0,boss_000347,4,3180005,7,2.0,1,1,55,101,creature,11488
map_429_difficulty_0,boss_000348,5,3180006,9,2.0,1,1,55,101,creature,11487
map_429_difficulty_0,boss_000349,6,3180007,9,2.0,1,1,55,101,creature,11496
map_429_difficulty_0,boss_000350,7,3180008,16,2.0,1,1,55,101,creature,11489
map_429_difficulty_0,boss_000361,8,3180009,6,2.0,1,1,55,101,creature,11486
map_429_difficulty_0,boss_000362,9,3180010,9,2.0,1,1,55,101,creature,14326
map_429_difficulty_0,boss_000363,10,3180011,10,2.0,1,1,55,101,creature,14322
map_429_difficulty_0,boss_000364,11,3180012,13,2.0,1,1,55,101,creature,14321
map_429_difficulty_0,boss_000365,12,3180013,19,2.0,1,1,55,101,creature,14323
map_429_difficulty_0,boss_000366,13,3180014,8,2.0,1,1,55,101,creature,14325
map_429_difficulty_0,boss_000367,14,3180015,14,2.0,1,1,55,101,creature,14324
map_429_difficulty_0,boss_000368,15,3180016,13,2.0,1,1,55,101,creature,11501
map_469_difficulty_0,boss_000610,0,3190000,7,2.0,1,1,87,104,creature,12435
map_469_difficulty_0,trash,0,3190001,1,2.0,1,1,87,104,creature,12457
map_469_difficulty_0,trash,0,3190001,1,2.0,1,1,87,104,creature,12459
map_469_difficulty_0,trash,0,3190001,1,2.0,1,1,87,104,creature,12460
map_469_difficulty_0,trash,0,3190001,1,2.0,1,1,87,104,creature,12461
map_469_difficulty_0,trash,0,3190001,1,2.0,1,1,87,104,creature,12463
map_469_difficulty_0,trash,0,3190001,1,2.0,1,1,87,104,creature,12464
map_469_difficulty_0,trash,0,3190001,1,2.0,1,1,87,104,creature,12465
map_469_difficulty_0,trash,0,3190001,1,2.0,1,1,87,104,creature,12467
map_469_difficulty_0,trash,0,3190001,1,2.0,1,1,87,104,creature,12468
map_469_difficulty_0,trash,0,3190001,1,2.0,1,1,87,104,creature,13996
map_469_difficulty_0,trash,0,3190001,1,2.0,1,1,87,104,creature,14401
map_469_difficulty_0,boss_000611,1,3190002,5,2.0,1,1,87,104,creature,13020
map_469_difficulty_0,boss_000612,2,3190003,11,2.0,1,1,87,104,creature,12017
map_469_difficulty_0,boss_000613,3,3190004,4,2.0,1,1,87,104,creature,11983
map_469_difficulty_0,boss_000614,4,3190005,6,2.0,1,1,87,104,creature,14601
map_469_difficulty_0,boss_000615,5,3190006,9,2.0,1,1,87,104,creature,11981
map_469_difficulty_0,boss_000616,6,3190007,4,2.0,1,1,87,104,creature,14020
map_509_difficulty_0,boss_000718,0,3200000,20,2.0,1,1,56,104,creature,15348
map_509_difficulty_0,trash,0,3200001,9,2.0,1,1,56,104,creature,15168
map_509_difficulty_0,trash,0,3200001,9,2.0,1,1,56,104,creature,15318
map_509_difficulty_0,trash,0,3200001,9,2.0,1,1,56,104,creature,15319
map_509_difficulty_0,trash,0,3200001,9,2.0,1,1,56,104,creature,15320
map_509_difficulty_0,trash,0,3200001,9,2.0,1,1,56,104,creature,15323
map_509_difficulty_0,trash,0,3200001,9,2.0,1,1,56,104,creature,15324
map_509_difficulty_0,trash,0,3200001,9,2.0,1,1,56,104,creature,15325
map_509_difficulty_0,trash,0,3200001,9,2.0,1,1,56,104,creature,15327
map_509_difficulty_0,trash,0,3200001,9,2.0,1,1,56,104,creature,15333
map_509_difficulty_0,trash,0,3200001,9,2.0,1,1,56,104,creature,15335
map_509_difficulty_0,trash,0,3200001,9,2.0,1,1,56,104,creature,15336
map_509_difficulty_0,trash,0,3200001,9,2.0,1,1,56,104,creature,15338
map_509_difficulty_0,trash,0,3200001,9,2.0,1,1,56,104,creature,15343
map_509_difficulty_0,trash,0,3200001,9,2.0,1,1,56,104,creature,15355
map_509_difficulty_0,trash,0,3200001,9,2.0,1,1,56,104,creature,15385
map_509_difficulty_0,trash,0,3200001,9,2.0,1,1,56,104,creature,15386
map_509_difficulty_0,trash,0,3200001,9,2.0,1,1,56,104,creature,15388
map_509_difficulty_0,trash,0,3200001,9,2.0,1,1,56,104,creature,15389
map_509_difficulty_0,trash,0,3200001,9,2.0,1,1,56,104,creature,15390
map_509_difficulty_0,trash,0,3200001,9,2.0,1,1,56,104,creature,15391
map_509_difficulty_0,trash,0,3200001,9,2.0,1,1,56,104,creature,15392
map_509_difficulty_0,trash,0,3200001,9,2.0,1,1,56,104,creature,15461
map_509_difficulty_0,trash,0,3200001,9,2.0,1,1,56,104,creature,15462
map_509_difficulty_0,trash,0,3200001,9,2.0,1,1,56,104,creature,15505
map_509_difficulty_0,boss_000719,1,3200002,33,2.0,1,1,56,104,creature,15341
map_509_difficulty_0,boss_000720,2,3200003,34,2.0,1,1,56,104,creature,15340
map_509_difficulty_0,boss_000721,3,3200004,24,2.0,1,1,56,104,creature,15370
map_509_difficulty_0,boss_000722,4,3200005,27,2.0,1,1,56,104,creature,15369
map_509_difficulty_0,boss_000723,5,3200006,32,2.0,1,1,56,104,creature,15339
map_532_difficulty_0,boss_000653,0,3210000,6,2.0,1,1,119,155,creature,15687
map_532_difficulty_0,trash,0,3210001,3,2.0,1,1,119,155,creature,15547
map_532_difficulty_0,trash,0,3210001,3,2.0,1,1,119,155,creature,15548
map_532_difficulty_0,trash,0,3210001,3,2.0,1,1,119,155,creature,15551
map_532_difficulty_0,trash,0,3210001,3,2.0,1,1,119,155,creature,16170
map_532_difficulty_0,trash,0,3210001,3,2.0,1,1,119,155,creature,16171
map_532_difficulty_0,trash,0,3210001,3,2.0,1,1,119,155,creature,16173
map_532_difficulty_0,trash,0,3210001,3,2.0,1,1,119,155,creature,16174
map_532_difficulty_0,trash,0,3210001,3,2.0,1,1,119,155,creature,16175
map_532_difficulty_0,trash,0,3210001,3,2.0,1,1,119,155,creature,16176
map_532_difficulty_0,trash,0,3210001,3,2.0,1,1,119,155,creature,16177
map_532_difficulty_0,trash,0,3210001,3,2.0,1,1,119,155,creature,16178
map_532_difficulty_0,trash,0,3210001,3,2.0,1,1,119,155,creature,16389
map_532_difficulty_0,trash,0,3210001,3,2.0,1,1,119,155,creature,16406
map_532_difficulty_0,trash,0,3210001,3,2.0,1,1,119,155,creature,16407
map_532_difficulty_0,trash,0,3210001,3,2.0,1,1,119,155,creature,16408
map_532_difficulty_0,trash,0,3210001,3,2.0,1,1,119,155,creature,16409
map_532_difficulty_0,trash,0,3210001,3,2.0,1,1,119,155,creature,16410
map_532_difficulty_0,trash,0,3210001,3,2.0,1,1,119,155,creature,16411
map_532_difficulty_0,trash,0,3210001,3,2.0,1,1,119,155,creature,16412
map_532_difficulty_0,trash,0,3210001,3,2.0,1,1,119,155,creature,16414
map_532_difficulty_0,trash,0,3210001,3,2.0,1,1,119,155,creature,16415
map_532_difficulty_0,trash,0,3210001,3,2.0,1,1,119,155,creature,16424
map_532_difficulty_0,trash,0,3210001,3,2.0,1,1,119,155,creature,16425
map_532_difficulty_0,trash,0,3210001,3,2.0,1,1,119,155,creature,16459
map_532_difficulty_0,trash,0,3210001,3,2.0,1,1,119,155,creature,16460
map_532_difficulty_0,trash,0,3210001,3,2.0,1,1,119,155,creature,16461
map_532_difficulty_0,trash,0,3210001,3,2.0,1,1,119,155,creature,16468
map_532_difficulty_0,trash,0,3210001,3,2.0,1,1,119,155,creature,16470
map_532_difficulty_0,trash,0,3210001,3,2.0,1,1,119,155,creature,16471
map_532_difficulty_0,trash,0,3210001,3,2.0,1,1,119,155,creature,16472
map_532_difficulty_0,trash,0,3210001,3,2.0,1,1,119,155,creature,16473
map_532_difficulty_0,trash,0,3210001,3,2.0,1,1,119,155,creature,16481
map_532_difficulty_0,trash,0,3210001,3,2.0,1,1,119,155,creature,16482
map_532_difficulty_0,trash,0,3210001,3,2.0,1,1,119,155,creature,16485
map_532_difficulty_0,trash,0,3210001,3,2.0,1,1,119,155,creature,16488
map_532_difficulty_0,trash,0,3210001,3,2.0,1,1,119,155,creature,16489
map_532_difficulty_0,trash,0,3210001,3,2.0,1,1,119,155,creature,16491
map_532_difficulty_0,trash,0,3210001,3,2.0,1,1,119,155,creature,16492
map_532_difficulty_0,trash,0,3210001,3,2.0,1,1,119,155,creature,16504
map_532_difficulty_0,trash,0,3210001,3,2.0,1,1,119,155,creature,16525
map_532_difficulty_0,trash,0,3210001,3,2.0,1,1,119,155,creature,16526
map_532_difficulty_0,trash,0,3210001,3,2.0,1,1,119,155,creature,16529
map_532_difficulty_0,trash,0,3210001,3,2.0,1,1,119,155,creature,16530
map_532_difficulty_0,trash,0,3210001,3,2.0,1,1,119,155,creature,16539
map_532_difficulty_0,trash,0,3210001,3,2.0,1,1,119,155,creature,16540
map_532_difficulty_0,trash,0,3210001,3,2.0,1,1,119,155,creature,16544
map_532_difficulty_0,trash,0,3210001,3,2.0,1,1,119,155,creature,16545
map_532_difficulty_0,trash,0,3210001,3,2.0,1,1,119,155,creature,16595
map_532_difficulty_0,trash,0,3210001,3,2.0,1,1,119,155,creature,16596
map_532_difficulty_0,trash,0,3210001,3,2.0,1,1,119,155,creature,28194
map_532_difficulty_0,boss_000654,1,3210002,3,2.0,1,1,119,155,creature,16457
map_532_difficulty_0,boss_000656,2,3210003,4,2.0,1,1,119,155,creature,15691
map_532_difficulty_0,boss_000657,3,3210004,8,2.0,1,1,119,155,creature,15688
map_532_difficulty_0,boss_000658,4,3210005,6,2.0,1,1,119,155,creature,16524
map_532_difficulty_0,boss_000659,5,3210006,11,2.0,1,1,119,155,creature,15689
map_532_difficulty_0,boss_000661,6,3210007,3,2.0,1,1,119,155,creature,15690
map_532_difficulty_0,boss_000662,7,3210008,7,2.0,1,1,119,155,creature,17225
map_534_difficulty_0,boss_000622,0,3220000,37,2.0,1,1,126,155,creature,17968
map_534_difficulty_0,trash,0,3220001,9,2.0,1,1,126,155,creature,17895
map_534_difficulty_0,trash,0,3220001,9,2.0,1,1,126,155,creature,17898
map_534_difficulty_0,trash,0,3220001,9,2.0,1,1,126,155,creature,17899
map_540_difficulty_0,boss_000407,0,3230000,10,2.0,1,1,119,148,creature,16807
map_540_difficulty_0,trash,0,3230001,2,2.0,1,1,119,148,creature,16507
map_540_difficulty_0,trash,0,3230001,2,2.0,1,1,119,148,creature,16523
map_540_difficulty_0,trash,0,3230001,2,2.0,1,1,119,148,creature,17356
map_540_difficulty_0,trash,0,3230001,2,2.0,1,1,119,148,creature,17465
map_540_difficulty_0,boss_000409,1,3230002,5,2.0,1,1,119,148,creature,20923
map_540_difficulty_0,boss_000410,2,3230003,7,2.0,1,1,119,148,creature,16809
map_540_difficulty_0,boss_000412,3,3230004,7,2.0,1,1,119,148,creature,16808
map_540_difficulty_1,boss_000407,0,3240000,7,2.0,1,2,119,148,creature,16807
map_540_difficulty_1,trash,0,3240001,2,2.0,1,2,119,148,creature,16507
map_540_difficulty_1,trash,0,3240001,2,2.0,1,2,119,148,creature,16523
map_540_difficulty_1,trash,0,3240001,2,2.0,1,2,119,148,creature,17356
map_540_difficulty_1,trash,0,3240001,2,2.0,1,2,119,148,creature,17465
map_540_difficulty_1,boss_000409,1,3240002,7,2.0,1,2,119,148,creature,20923
map_540_difficulty_1,boss_000410,2,3240003,9,2.0,1,2,119,148,creature,16809
map_540_difficulty_1,boss_000412,3,3240004,6,2.0,1,2,119,148,creature,16808
map_542_difficulty_0,boss_000401,0,3250000,7,2.0,1,1,91,104,creature,17381
map_542_difficulty_0,trash,0,3250001,3,2.0,1,1,91,104,creature,17370
map_542_difficulty_0,trash,0,3250001,3,2.0,1,1,91,104,creature,17400
map_542_difficulty_0,boss_000403,1,3250002,11,2.0,1,1,91,104,creature,17380
map_542_difficulty_0,boss_000405,2,3250003,12,2.0,1,1,91,104,creature,17377
map_542_difficulty_1,boss_000401,0,3260000,13,2.0,1,2,91,104,creature,17381
map_542_difficulty_1,trash,0,3260001,4,2.0,1,2,91,104,creature,17370
map_542_difficulty_1,trash,0,3260001,4,2.0,1,2,91,104,creature,17400
map_542_difficulty_1,boss_000403,1,3260002,9,2.0,1,2,91,104,creature,17380
map_542_difficulty_1,boss_000405,2,3260003,7,2.0,1,2,91,104,creature,17377
map_543_difficulty_0,boss_000392,0,3270000,15,2.0,1,1,87,101,creature,17306
map_543_difficulty_0,trash,0,3270001,6,2.0,1,1,87,101,creature,17370
map_543_difficulty_0,boss_000394,1,3270002,20,2.0,1,1,87,101,creature,17308
map_543_difficulty_1,boss_000392,0,3280000,16,2.0,1,2,87,101,creature,17306
map_543_difficulty_1,trash,0,3280001,4,2.0,1,2,87,101,creature,17370
map_543_difficulty_1,boss_000394,1,3280002,17,2.0,1,2,87,101,creature,17308
map_544_difficulty_0,boss_000651,0,3290000,9,2.0,1,1,147,155,creature,17257
map_545_difficulty_0,boss_000314,0,3300000,9,2.0,1,1,126,148,creature,17797
map_545_difficulty_0,trash,0,3300001,3,2.0,1,1,126,148,creature,17721
map_545_difficulty_0,trash,0,3300001,3,2.0,1,1,126,148,creature,17722
map_545_difficulty_0,trash,0,3300001,3,2.0,1,1,126,148,creature,17799
map_545_difficulty_0,trash,0,3300001,3,2.0,1,1,126,148,creature,17800
map_545_difficulty_0,trash,0,3300001,3,2.0,1,1,126,148,creature,17801
map_545_difficulty_0,trash,0,3300001,3,2.0,1,1,126,148,creature,17802
map_545_difficulty_0,trash,0,3300001,3,2.0,1,1,126,148,creature,17803
map_545_difficulty_0,trash,0,3300001,3,2.0,1,1,126,148,creature,17805
map_545_difficulty_0,trash,0,3300001,3,2.0,1,1,126,148,creature,21694
map_545_difficulty_0,trash,0,3300001,3,2.0,1,1,126,148,creature,21695
map_545_difficulty_0,trash,0,3300001,3,2.0,1,1,126,148,creature,21696
map_545_difficulty_0,boss_000316,1,3300002,8,2.0,1,1,126,148,creature,17796
map_545_difficulty_0,boss_000318,2,3300003,5,2.0,1,1,126,148,creature,17798
map_545_difficulty_1,boss_000314,0,3310000,14,2.0,1,2,126,148,creature,17797
map_545_difficulty_1,trash,0,3310001,2,2.0,1,2,126,148,creature,17721
map_545_difficulty_1,trash,0,3310001,2,2.0,1,2,126,148,creature,17722
map_545_difficulty_1,trash,0,3310001,2,2.0,1,2,126,148,creature,17799
map_545_difficulty_1,trash,0,3310001,2,2.0,1,2,126,148,creature,17800
map_545_difficulty_1,trash,0,3310001,2,2.0,1,2,126,148,creature,17801
map_545_difficulty_1,trash,0,3310001,2,2.0,1,2,126,148,creature,17802
map_545_difficulty_1,trash,0,3310001,2,2.0,1,2,126,148,creature,17803
map_545_difficulty_1,trash,0,3310001,2,2.0,1,2,126,148,creature,17805
map_545_difficulty_1,trash,0,3310001,2,2.0,1,2,126,148,creature,21694
map_545_difficulty_1,trash,0,3310001,2,2.0,1,2,126,148,creature,21695
map_545_difficulty_1,trash,0,3310001,2,2.0,1,2,126,148,creature,21696
map_545_difficulty_1,boss_000316,1,3310002,6,2.0,1,2,126,148,creature,17796
map_545_difficulty_1,boss_000318,2,3310003,10,2.0,1,2,126,148,creature,17798
map_546_difficulty_0,boss_000320,0,3320000,8,2.0,1,1,95,112,creature,17770
map_546_difficulty_0,trash,0,3320001,2,2.0,1,1,95,112,creature,17723
map_546_difficulty_0,trash,0,3320001,2,2.0,1,1,95,112,creature,17724
map_546_difficulty_0,trash,0,3320001,2,2.0,1,1,95,112,creature,17725
map_546_difficulty_0,trash,0,3320001,2,2.0,1,1,95,112,creature,17726
map_546_difficulty_0,trash,0,3320001,2,2.0,1,1,95,112,creature,17727
map_546_difficulty_0,trash,0,3320001,2,2.0,1,1,95,112,creature,17728
map_546_difficulty_0,trash,0,3320001,2,2.0,1,1,95,112,creature,17729
map_546_difficulty_0,trash,0,3320001,2,2.0,1,1,95,112,creature,17730
map_546_difficulty_0,trash,0,3320001,2,2.0,1,1,95,112,creature,17731
map_546_difficulty_0,trash,0,3320001,2,2.0,1,1,95,112,creature,17732
map_546_difficulty_0,trash,0,3320001,2,2.0,1,1,95,112,creature,17734
map_546_difficulty_0,trash,0,3320001,2,2.0,1,1,95,112,creature,17735
map_546_difficulty_0,trash,0,3320001,2,2.0,1,1,95,112,creature,17771
map_546_difficulty_0,trash,0,3320001,2,2.0,1,1,95,112,creature,17871
map_546_difficulty_0,trash,0,3320001,2,2.0,1,1,95,112,creature,19632
map_546_difficulty_0,boss_000322,1,3320002,7,2.0,1,1,95,112,creature,18105
map_546_difficulty_0,boss_000329,2,3320003,11,2.0,1,1,95,112,creature,17826
map_546_difficulty_0,boss_000331,3,3320004,11,2.0,1,1,95,112,creature,17882
map_546_difficulty_1,boss_000320,0,3330000,21,2.0,1,2,95,112,creature,17770
map_546_difficulty_1,trash,0,3330001,3,2.0,1,2,95,112,creature,17723
map_546_difficulty_1,trash,0,3330001,3,2.0,1,2,95,112,creature,17724
map_546_difficulty_1,trash,0,3330001,3,2.0,1,2,95,112,creature,17725
map_546_difficulty_1,trash,0,3330001,3,2.0,1,2,95,112,creature,17726
map_546_difficulty_1,trash,0,3330001,3,2.0,1,2,95,112,creature,17727
map_546_difficulty_1,trash,0,3330001,3,2.0,1,2,95,112,creature,17728
map_546_difficulty_1,trash,0,3330001,3,2.0,1,2,95,112,creature,17729
map_546_difficulty_1,trash,0,3330001,3,2.0,1,2,95,112,creature,17730
map_546_difficulty_1,trash,0,3330001,3,2.0,1,2,95,112,creature,17731
map_546_difficulty_1,trash,0,3330001,3,2.0,1,2,95,112,creature,17732
map_546_difficulty_1,trash,0,3330001,3,2.0,1,2,95,112,creature,17734
map_546_difficulty_1,trash,0,3330001,3,2.0,1,2,95,112,creature,17735
map_546_difficulty_1,trash,0,3330001,3,2.0,1,2,95,112,creature,17771
map_546_difficulty_1,trash,0,3330001,3,2.0,1,2,95,112,creature,17871
map_546_difficulty_1,trash,0,3330001,3,2.0,1,2,95,112,creature,19632
map_546_difficulty_1,boss_000322,1,3330002,8,2.0,1,2,95,112,creature,18105
map_546_difficulty_1,boss_000329,2,3330003,12,2.0,1,2,95,112,creature,17826
map_546_difficulty_1,boss_000331,3,3330004,12,2.0,1,2,95,112,creature,17882
map_547_difficulty_0,boss_000301,0,3340000,10,2.0,1,1,95,108,creature,17941
map_547_difficulty_0,trash,0,3340001,1,2.0,1,1,95,108,creature,17816
map_547_difficulty_0,trash,0,3340001,1,2.0,1,1,95,108,creature,17817
map_547_difficulty_0,trash,0,3340001,1,2.0,1,1,95,108,creature,17938
map_547_difficulty_0,trash,0,3340001,1,2.0,1,1,95,108,creature,17940
map_547_difficulty_0,trash,0,3340001,1,2.0,1,1,95,108,creature,17957
map_547_difficulty_0,trash,0,3340001,1,2.0,1,1,95,108,creature,17958
map_547_difficulty_0,trash,0,3340001,1,2.0,1,1,95,108,creature,17959
map_547_difficulty_0,trash,0,3340001,1,2.0,1,1,95,108,creature,17960
map_547_difficulty_0,trash,0,3340001,1,2.0,1,1,95,108,creature,17961
map_547_difficulty_0,trash,0,3340001,1,2.0,1,1,95,108,creature,17962
map_547_difficulty_0,trash,0,3340001,1,2.0,1,1,95,108,creature,17963
map_547_difficulty_0,trash,0,3340001,1,2.0,1,1,95,108,creature,17964
map_547_difficulty_0,trash,0,3340001,1,2.0,1,1,95,108,creature,21126
map_547_difficulty_0,trash,0,3340001,1,2.0,1,1,95,108,creature,21127
map_547_difficulty_0,boss_000302,1,3340002,12,2.0,1,1,95,108,creature,17991
map_547_difficulty_0,boss_000303,2,3340003,6,2.0,1,1,95,108,creature,17942
map_547_difficulty_1,boss_000301,0,3350000,16,2.0,1,2,95,108,creature,17941
map_547_difficulty_1,trash,0,3350001,8,2.0,1,2,95,108,creature,17816
map_547_difficulty_1,trash,0,3350001,8,2.0,1,2,95,108,creature,17817
map_547_difficulty_1,trash,0,3350001,8,2.0,1,2,95,108,creature,17938
map_547_difficulty_1,trash,0,3350001,8,2.0,1,2,95,108,creature,17940
map_547_difficulty_1,trash,0,3350001,8,2.0,1,2,95,108,creature,17957
map_547_difficulty_1,trash,0,3350001,8,2.0,1,2,95,108,creature,17958
map_547_difficulty_1,trash,0,3350001,8,2.0,1,2,95,108,creature,17959
map_547_difficulty_1,trash,0,3350001,8,2.0,1,2,95,108,creature,17960
map_547_difficulty_1,trash,0,3350001,8,2.0,1,2,95,108,creature,17961
map_547_difficulty_1,trash,0,3350001,8,2.0,1,2,95,108,creature,17962
map_547_difficulty_1,trash,0,3350001,8,2.0,1,2,95,108,creature,17963
map_547_difficulty_1,trash,0,3350001,8,2.0,1,2,95,108,creature,17964
map_547_difficulty_1,trash,0,3350001,8,2.0,1,2,95,108,creature,21126
map_547_difficulty_1,trash,0,3350001,8,2.0,1,2,95,108,creature,21127
map_547_difficulty_1,boss_000302,1,3350002,10,2.0,1,2,95,108,creature,17991
map_547_difficulty_1,boss_000303,2,3350003,10,2.0,1,2,95,108,creature,17942
map_548_difficulty_0,boss_000623,0,3360000,9,2.0,1,1,126,155,creature,21216
map_548_difficulty_0,trash,0,3360001,2,2.0,1,1,126,155,creature,21218
map_548_difficulty_0,trash,0,3360001,2,2.0,1,1,126,155,creature,21220
map_548_difficulty_0,trash,0,3360001,2,2.0,1,1,126,155,creature,21221
map_548_difficulty_0,trash,0,3360001,2,2.0,1,1,126,155,creature,21224
map_548_difficulty_0,trash,0,3360001,2,2.0,1,1,126,155,creature,21225
map_548_difficulty_0,trash,0,3360001,2,2.0,1,1,126,155,creature,21226
map_548_difficulty_0,trash,0,3360001,2,2.0,1,1,126,155,creature,21227
map_548_difficulty_0,trash,0,3360001,2,2.0,1,1,126,155,creature,21228
map_548_difficulty_0,trash,0,3360001,2,2.0,1,1,126,155,creature,21229
map_548_difficulty_0,trash,0,3360001,2,2.0,1,1,126,155,creature,21230
map_548_difficulty_0,trash,0,3360001,2,2.0,1,1,126,155,creature,21231
map_548_difficulty_0,trash,0,3360001,2,2.0,1,1,126,155,creature,21232
map_548_difficulty_0,trash,0,3360001,2,2.0,1,1,126,155,creature,21246
map_548_difficulty_0,trash,0,3360001,2,2.0,1,1,126,155,creature,21251
map_548_difficulty_0,trash,0,3360001,2,2.0,1,1,126,155,creature,21263
map_548_difficulty_0,trash,0,3360001,2,2.0,1,1,126,155,creature,21298
map_548_difficulty_0,trash,0,3360001,2,2.0,1,1,126,155,creature,21299
map_548_difficulty_0,trash,0,3360001,2,2.0,1,1,126,155,creature,21301
map_548_difficulty_0,trash,0,3360001,2,2.0,1,1,126,155,creature,21339
map_548_difficulty_0,trash,0,3360001,2,2.0,1,1,126,155,creature,21863
map_548_difficulty_0,boss_000625,1,3360002,9,2.0,1,1,126,155,creature,21215
map_548_difficulty_0,boss_000626,2,3360003,6,2.0,1,1,126,155,creature,21214
map_548_difficulty_0,boss_000627,3,3360004,3,2.0,1,1,126,155,creature,21213
map_548_difficulty_0,boss_000628,4,3360005,6,2.0,1,1,126,155,creature,21212
map_550_difficulty_0,boss_000730,0,3370000,6,2.0,1,1,126,155,creature,19514
map_550_difficulty_0,trash,0,3370001,5,2.0,1,1,126,155,creature,20031
map_550_difficulty_0,trash,0,3370001,5,2.0,1,1,126,155,creature,20032
map_550_difficulty_0,trash,0,3370001,5,2.0,1,1,126,155,creature,20033
map_550_difficulty_0,trash,0,3370001,5,2.0,1,1,126,155,creature,20034
map_550_difficulty_0,trash,0,3370001,5,2.0,1,1,126,155,creature,20035
map_550_difficulty_0,trash,0,3370001,5,2.0,1,1,126,155,creature,20036
map_550_difficulty_0,trash,0,3370001,5,2.0,1,1,126,155,creature,20037
map_550_difficulty_0,trash,0,3370001,5,2.0,1,1,126,155,creature,20038
map_550_difficulty_0,trash,0,3370001,5,2.0,1,1,126,155,creature,20039
map_550_difficulty_0,trash,0,3370001,5,2.0,1,1,126,155,creature,20040
map_550_difficulty_0,trash,0,3370001,5,2.0,1,1,126,155,creature,20041
map_550_difficulty_0,trash,0,3370001,5,2.0,1,1,126,155,creature,20042
map_550_difficulty_0,trash,0,3370001,5,2.0,1,1,126,155,creature,20043
map_550_difficulty_0,trash,0,3370001,5,2.0,1,1,126,155,creature,20044
map_550_difficulty_0,trash,0,3370001,5,2.0,1,1,126,155,creature,20045
map_550_difficulty_0,trash,0,3370001,5,2.0,1,1,126,155,creature,20046
map_550_difficulty_0,trash,0,3370001,5,2.0,1,1,126,155,creature,20048
map_550_difficulty_0,trash,0,3370001,5,2.0,1,1,126,155,creature,20049
map_550_difficulty_0,trash,0,3370001,5,2.0,1,1,126,155,creature,20050
map_550_difficulty_0,trash,0,3370001,5,2.0,1,1,126,155,creature,20052
map_550_difficulty_0,boss_000731,1,3370002,14,2.0,1,1,126,155,creature,19516
map_550_difficulty_0,boss_000732,2,3370003,13,2.0,1,1,126,155,creature,18805
map_550_difficulty_0,boss_000733,3,3370004,12,2.0,1,1,126,155,creature,19622
map_552_difficulty_0,boss_000494,0,3380000,15,2.0,1,1,112,148,creature,20870
map_552_difficulty_0,trash,0,3380001,5,2.0,1,1,112,148,creature,20857
map_552_difficulty_0,trash,0,3380001,5,2.0,1,1,112,148,creature,20859
map_552_difficulty_0,trash,0,3380001,5,2.0,1,1,112,148,creature,20864
map_552_difficulty_0,trash,0,3380001,5,2.0,1,1,112,148,creature,20865
map_552_difficulty_0,trash,0,3380001,5,2.0,1,1,112,148,creature,20866
map_552_difficulty_0,trash,0,3380001,5,2.0,1,1,112,148,creature,20867
map_552_difficulty_0,trash,0,3380001,5,2.0,1,1,112,148,creature,20868
map_552_difficulty_0,trash,0,3380001,5,2.0,1,1,112,148,creature,20869
map_552_difficulty_0,trash,0,3380001,5,2.0,1,1,112,148,creature,20873
map_552_difficulty_0,trash,0,3380001,5,2.0,1,1,112,148,creature,20875
map_552_difficulty_0,trash,0,3380001,5,2.0,1,1,112,148,creature,20879
map_552_difficulty_0,trash,0,3380001,5,2.0,1,1,112,148,creature,20881
map_552_difficulty_0,trash,0,3380001,5,2.0,1,1,112,148,creature,20882
map_552_difficulty_0,trash,0,3380001,5,2.0,1,1,112,148,creature,20883
map_552_difficulty_0,trash,0,3380001,5,2.0,1,1,112,148,creature,20896
map_552_difficulty_0,trash,0,3380001,5,2.0,1,1,112,148,creature,20897
map_552_difficulty_0,trash,0,3380001,5,2.0,1,1,112,148,creature,20898
map_552_difficulty_0,trash,0,3380001,5,2.0,1,1,112,148,creature,20900
map_552_difficulty_0,trash,0,3380001,5,2.0,1,1,112,148,creature,20901
map_552_difficulty_0,trash,0,3380001,5,2.0,1,1,112,148,creature,20902
map_552_difficulty_0,trash,0,3380001,5,2.0,1,1,112,148,creature,21702
map_552_difficulty_0,boss_000496,1,3380002,25,2.0,1,1,112,148,creature,20885
map_552_difficulty_0,boss_000498,2,3380003,10,2.0,1,1,112,148,creature,20886
map_552_difficulty_1,boss_000494,0,3390000,11,2.0,1,2,112,148,creature,20870
map_552_difficulty_1,trash,0,3390001,12,2.0,1,2,112,148,creature,20857
map_552_difficulty_1,trash,0,3390001,12,2.0,1,2,112,148,creature,20859
map_552_difficulty_1,trash,0,3390001,12,2.0,1,2,112,148,creature,20864
map_552_difficulty_1,trash,0,3390001,12,2.0,1,2,112,148,creature,20865
map_552_difficulty_1,trash,0,3390001,12,2.0,1,2,112,148,creature,20866
map_552_difficulty_1,trash,0,3390001,12,2.0,1,2,112,148,creature,20867
map_552_difficulty_1,trash,0,3390001,12,2.0,1,2,112,148,creature,20868
map_552_difficulty_1,trash,0,3390001,12,2.0,1,2,112,148,creature,20869
map_552_difficulty_1,trash,0,3390001,12,2.0,1,2,112,148,creature,20873
map_552_difficulty_1,trash,0,3390001,12,2.0,1,2,112,148,creature,20875
map_552_difficulty_1,trash,0,3390001,12,2.0,1,2,112,148,creature,20879
map_552_difficulty_1,trash,0,3390001,12,2.0,1,2,112,148,creature,20881
map_552_difficulty_1,trash,0,3390001,12,2.0,1,2,112,148,creature,20882
map_552_difficulty_1,trash,0,3390001,12,2.0,1,2,112,148,creature,20883
map_552_difficulty_1,trash,0,3390001,12,2.0,1,2,112,148,creature,20896
map_552_difficulty_1,trash,0,3390001,12,2.0,1,2,112,148,creature,20897
map_552_difficulty_1,trash,0,3390001,12,2.0,1,2,112,148,creature,20898
map_552_difficulty_1,trash,0,3390001,12,2.0,1,2,112,148,creature,20900
map_552_difficulty_1,trash,0,3390001,12,2.0,1,2,112,148,creature,20901
map_552_difficulty_1,trash,0,3390001,12,2.0,1,2,112,148,creature,20902
map_552_difficulty_1,trash,0,3390001,12,2.0,1,2,112,148,creature,21702
map_552_difficulty_1,boss_000496,1,3390002,25,2.0,1,2,112,148,creature,20885
map_552_difficulty_1,boss_000498,2,3390003,18,2.0,1,2,112,148,creature,20886
map_553_difficulty_0,boss_000502,0,3400000,12,2.0,1,1,112,148,creature,17976
map_553_difficulty_0,trash,0,3400001,3,2.0,1,1,112,148,creature,17993
map_553_difficulty_0,trash,0,3400001,3,2.0,1,1,112,148,creature,17994
map_553_difficulty_0,trash,0,3400001,3,2.0,1,1,112,148,creature,18155
map_553_difficulty_0,trash,0,3400001,3,2.0,1,1,112,148,creature,18404
map_553_difficulty_0,trash,0,3400001,3,2.0,1,1,112,148,creature,18405
map_553_difficulty_0,trash,0,3400001,3,2.0,1,1,112,148,creature,18419
map_553_difficulty_0,trash,0,3400001,3,2.0,1,1,112,148,creature,18420
map_553_difficulty_0,trash,0,3400001,3,2.0,1,1,112,148,creature,18421
map_553_difficulty_0,trash,0,3400001,3,2.0,1,1,112,148,creature,18422
map_553_difficulty_0,trash,0,3400001,3,2.0,1,1,112,148,creature,18587
map_553_difficulty_0,trash,0,3400001,3,2.0,1,1,112,148,creature,19486
map_553_difficulty_0,trash,0,3400001,3,2.0,1,1,112,148,creature,19505
map_553_difficulty_0,trash,0,3400001,3,2.0,1,1,112,148,creature,19507
map_553_difficulty_0,trash,0,3400001,3,2.0,1,1,112,148,creature,19508
map_553_difficulty_0,trash,0,3400001,3,2.0,1,1,112,148,creature,19509
map_553_difficulty_0,trash,0,3400001,3,2.0,1,1,112,148,creature,19511
map_553_difficulty_0,trash,0,3400001,3,2.0,1,1,112,148,creature,19512
map_553_difficulty_0,trash,0,3400001,3,2.0,1,1,112,148,creature,19513
map_553_difficulty_0,trash,0,3400001,3,2.0,1,1,112,148,creature,19557
map_553_difficulty_0,trash,0,3400001,3,2.0,1,1,112,148,creature,19598
map_553_difficulty_0,trash,0,3400001,3,2.0,1,1,112,148,creature,19608
map_553_difficulty_0,trash,0,3400001,3,2.0,1,1,112,148,creature,19633
map_553_difficulty_0,trash,0,3400001,3,2.0,1,1,112,148,creature,19843
map_553_difficulty_0,trash,0,3400001,3,2.0,1,1,112,148,creature,19865
map_553_difficulty_0,boss_000505,1,3400002,5,2.0,1,1,112,148,creature,17975
map_553_difficulty_0,boss_000507,2,3400003,7,2.0,1,1,112,148,creature,17978
map_553_difficulty_0,boss_000509,3,3400004,6,2.0,1,1,112,148,creature,17980
map_553_difficulty_0,boss_000511,4,3400005,15,2.0,1,1,112,148,creature,17977
map_553_difficulty_1,boss_000502,0,3410000,12,2.0,1,2,112,148,creature,17976
map_553_difficulty_1,trash,0,3410001,6,2.0,1,2,112,148,creature,17993
map_553_difficulty_1,trash,0,3410001,6,2.0,1,2,112,148,creature,17994
map_553_difficulty_1,trash,0,3410001,6,2.0,1,2,112,148,creature,18155
map_553_difficulty_1,trash,0,3410001,6,2.0,1,2,112,148,creature,18404
map_553_difficulty_1,trash,0,3410001,6,2.0,1,2,112,148,creature,18405
map_553_difficulty_1,trash,0,3410001,6,2.0,1,2,112,148,creature,18419
map_553_difficulty_1,trash,0,3410001,6,2.0,1,2,112,148,creature,18420
map_553_difficulty_1,trash,0,3410001,6,2.0,1,2,112,148,creature,18421
map_553_difficulty_1,trash,0,3410001,6,2.0,1,2,112,148,creature,18422
map_553_difficulty_1,trash,0,3410001,6,2.0,1,2,112,148,creature,18587
map_553_difficulty_1,trash,0,3410001,6,2.0,1,2,112,148,creature,19486
map_553_difficulty_1,trash,0,3410001,6,2.0,1,2,112,148,creature,19505
map_553_difficulty_1,trash,0,3410001,6,2.0,1,2,112,148,creature,19507
map_553_difficulty_1,trash,0,3410001,6,2.0,1,2,112,148,creature,19508
map_553_difficulty_1,trash,0,3410001,6,2.0,1,2,112,148,creature,19509
map_553_difficulty_1,trash,0,3410001,6,2.0,1,2,112,148,creature,19511
map_553_difficulty_1,trash,0,3410001,6,2.0,1,2,112,148,creature,19512
map_553_difficulty_1,trash,0,3410001,6,2.0,1,2,112,148,creature,19513
map_553_difficulty_1,trash,0,3410001,6,2.0,1,2,112,148,creature,19557
map_553_difficulty_1,trash,0,3410001,6,2.0,1,2,112,148,creature,19598
map_553_difficulty_1,trash,0,3410001,6,2.0,1,2,112,148,creature,19608
map_553_difficulty_1,trash,0,3410001,6,2.0,1,2,112,148,creature,19633
map_553_difficulty_1,trash,0,3410001,6,2.0,1,2,112,148,creature,19843
map_553_difficulty_1,trash,0,3410001,6,2.0,1,2,112,148,creature,19865
map_553_difficulty_1,boss_000505,1,3410002,13,2.0,1,2,112,148,creature,17975
map_553_difficulty_1,boss_000507,2,3410003,10,2.0,1,2,112,148,creature,17978
map_553_difficulty_1,boss_000509,3,3410004,13,2.0,1,2,112,148,creature,17980
map_553_difficulty_1,boss_000511,4,3410005,13,2.0,1,2,112,148,creature,17977
map_554_difficulty_0,boss_000513,0,3420000,7,2.0,1,1,119,148,creature,19219
map_554_difficulty_0,trash,0,3420001,1,2.0,1,1,119,148,creature,19166
map_554_difficulty_0,trash,0,3420001,1,2.0,1,1,119,148,creature,19167
map_554_difficulty_0,trash,0,3420001,1,2.0,1,1,119,148,creature,19168
map_554_difficulty_0,trash,0,3420001,1,2.0,1,1,119,148,creature,19218
map_554_difficulty_0,trash,0,3420001,1,2.0,1,1,119,148,creature,19231
map_554_difficulty_0,trash,0,3420001,1,2.0,1,1,119,148,creature,19510
map_554_difficulty_0,trash,0,3420001,1,2.0,1,1,119,148,creature,19710
map_554_difficulty_0,trash,0,3420001,1,2.0,1,1,119,148,creature,19712
map_554_difficulty_0,trash,0,3420001,1,2.0,1,1,119,148,creature,19713
map_554_difficulty_0,trash,0,3420001,1,2.0,1,1,119,148,creature,19716
map_554_difficulty_0,trash,0,3420001,1,2.0,1,1,119,148,creature,19735
map_554_difficulty_0,trash,0,3420001,1,2.0,1,1,119,148,creature,20059
map_554_difficulty_0,trash,0,3420001,1,2.0,1,1,119,148,creature,20988
map_554_difficulty_0,trash,0,3420001,1,2.0,1,1,119,148,creature,20990
map_554_difficulty_0,boss_000515,1,3420002,7,2.0,1,1,119,148,creature,19221
map_554_difficulty_0,boss_000517,2,3420003,10,2.0,1,1,119,148,creature,19220
map_554_difficulty_1,boss_000513,0,3430000,10,2.0,1,2,119,148,creature,19219
map_554_difficulty_1,trash,0,3430001,3,2.0,1,2,119,148,creature,19166
map_554_difficulty_1,trash,0,3430001,3,2.0,1,2,119,148,creature,19167
map_554_difficulty_1,trash,0,3430001,3,2.0,1,2,119,148,creature,19168
map_554_difficulty_1,trash,0,3430001,3,2.0,1,2,119,148,creature,19218
map_554_difficulty_1,trash,0,3430001,3,2.0,1,2,119,148,creature,19231
map_554_difficulty_1,trash,0,3430001,3,2.0,1,2,119,148,creature,19510
map_554_difficulty_1,trash,0,3430001,3,2.0,1,2,119,148,creature,19710
map_554_difficulty_1,trash,0,3430001,3,2.0,1,2,119,148,creature,19712
map_554_difficulty_1,trash,0,3430001,3,2.0,1,2,119,148,creature,19713
map_554_difficulty_1,trash,0,3430001,3,2.0,1,2,119,148,creature,19716
map_554_difficulty_1,trash,0,3430001,3,2.0,1,2,119,148,creature,19735
map_554_difficulty_1,trash,0,3430001,3,2.0,1,2,119,148,creature,20059
map_554_difficulty_1,trash,0,3430001,3,2.0,1,2,119,148,creature,20988
map_554_difficulty_1,trash,0,3430001,3,2.0,1,2,119,148,creature,20990
map_554_difficulty_1,boss_000515,1,3430002,9,2.0,1,2,119,148,creature,19221
map_554_difficulty_1,boss_000517,2,3430003,4,2.0,1,2,119,148,creature,19220
map_555_difficulty_0,boss_000208,0,3440000,13,2.0,1,1,119,148,creature,18731
map_555_difficulty_0,trash,0,3440001,4,2.0,1,1,119,148,creature,18631
map_555_difficulty_0,trash,0,3440001,4,2.0,1,1,119,148,creature,18632
map_555_difficulty_0,trash,0,3440001,4,2.0,1,1,119,148,creature,18633
map_555_difficulty_0,trash,0,3440001,4,2.0,1,1,119,148,creature,18634
map_555_difficulty_0,trash,0,3440001,4,2.0,1,1,119,148,creature,18635
map_555_difficulty_0,trash,0,3440001,4,2.0,1,1,119,148,creature,18636
map_555_difficulty_0,trash,0,3440001,4,2.0,1,1,119,148,creature,18637
map_555_difficulty_0,trash,0,3440001,4,2.0,1,1,119,148,creature,18638
map_555_difficulty_0,trash,0,3440001,4,2.0,1,1,119,148,creature,18639
map_555_difficulty_0,trash,0,3440001,4,2.0,1,1,119,148,creature,18640
map_555_difficulty_0,trash,0,3440001,4,2.0,1,1,119,148,creature,18641
map_555_difficulty_0,trash,0,3440001,4,2.0,1,1,119,148,creature,18642
map_555_difficulty_0,trash,0,3440001,4,2.0,1,1,119,148,creature,18794
map_555_difficulty_0,trash,0,3440001,4,2.0,1,1,119,148,creature,18796
map_555_difficulty_0,trash,0,3440001,4,2.0,1,1,119,148,creature,18830
map_555_difficulty_0,trash,0,3440001,4,2.0,1,1,119,148,creature,18848
map_555_difficulty_0,boss_000209,1,3440002,6,2.0,1,1,119,148,creature,18667
map_555_difficulty_0,boss_000210,2,3440003,7,2.0,1,1,119,148,creature,18732
map_555_difficulty_0,boss_000211,3,3440004,8,2.0,1,1,119,148,creature,18708
map_555_difficulty_1,boss_000208,0,3450000,7,2.0,1,2,119,148,creature,18731
map_555_difficulty_1,trash,0,3450001,2,2.0,1,2,119,148,creature,18631
map_555_difficulty_1,trash,0,3450001,2,2.0,1,2,119,148,creature,18632
map_555_difficulty_1,trash,0,3450001,2,2.0,1,2,119,148,creature,18633
map_555_difficulty_1,trash,0,3450001,2,2.0,1,2,119,148,creature,18634
map_555_difficulty_1,trash,0,3450001,2,2.0,1,2,119,148,creature,18635
map_555_difficulty_1,trash,0,3450001,2,2.0,1,2,119,148,creature,18636
map_555_difficulty_1,trash,0,3450001,2,2.0,1,2,119,148,creature,18637
map_555_difficulty_1,trash,0,3450001,2,2.0,1,2,119,148,creature,18638
map_555_difficulty_1,trash,0,3450001,2,2.0,1,2,119,148,creature,18639
map_555_difficulty_1,trash,0,3450001,2,2.0,1,2,119,148,creature,18640
map_555_difficulty_1,trash,0,3450001,2,2.0,1,2,119,148,creature,18641
map_555_difficulty_1,trash,0,3450001,2,2.0,1,2,119,148,creature,18642
map_555_difficulty_1,trash,0,3450001,2,2.0,1,2,119,148,creature,18794
map_555_difficulty_1,trash,0,3450001,2,2.0,1,2,119,148,creature,18796
map_555_difficulty_1,trash,0,3450001,2,2.0,1,2,119,148,creature,18830
map_555_difficulty_1,trash,0,3450001,2,2.0,1,2,119,148,creature,18848
map_555_difficulty_1,boss_000209,1,3450002,10,2.0,1,2,119,148,creature,18667
map_555_difficulty_1,boss_000210,2,3450003,14,2.0,1,2,119,148,creature,18732
map_555_difficulty_1,boss_000211,3,3450004,11,2.0,1,2,119,148,creature,18708
map_556_difficulty_0,boss_000206,0,3460000,19,2.0,1,1,110,127,creature,18472
map_556_difficulty_0,trash,0,3460001,10,2.0,1,1,110,127,creature,18318
map_556_difficulty_0,trash,0,3460001,10,2.0,1,1,110,127,creature,18319
map_556_difficulty_0,trash,0,3460001,10,2.0,1,1,110,127,creature,18320
map_556_difficulty_0,trash,0,3460001,10,2.0,1,1,110,127,creature,18321
map_556_difficulty_0,trash,0,3460001,10,2.0,1,1,110,127,creature,18322
map_556_difficulty_0,trash,0,3460001,10,2.0,1,1,110,127,creature,18323
map_556_difficulty_0,trash,0,3460001,10,2.0,1,1,110,127,creature,18325
map_556_difficulty_0,trash,0,3460001,10,2.0,1,1,110,127,creature,18326
map_556_difficulty_0,trash,0,3460001,10,2.0,1,1,110,127,creature,18327
map_556_difficulty_0,trash,0,3460001,10,2.0,1,1,110,127,creature,18328
map_556_difficulty_0,trash,0,3460001,10,2.0,1,1,110,127,creature,19428
map_556_difficulty_0,trash,0,3460001,10,2.0,1,1,110,127,creature,19429
map_556_difficulty_0,trash,0,3460001,10,2.0,1,1,110,127,creature,21891
map_556_difficulty_0,trash,0,3460001,10,2.0,1,1,110,127,creature,21904
map_556_difficulty_0,boss_000207,1,3460002,21,2.0,1,1,110,127,creature,18473
map_556_difficulty_1,boss_000206,0,3470000,29,2.0,1,2,110,127,creature,18472
map_556_difficulty_1,trash,0,3470001,6,2.0,1,2,110,127,creature,18318
map_556_difficulty_1,trash,0,3470001,6,2.0,1,2,110,127,creature,18319
map_556_difficulty_1,trash,0,3470001,6,2.0,1,2,110,127,creature,18320
map_556_difficulty_1,trash,0,3470001,6,2.0,1,2,110,127,creature,18321
map_556_difficulty_1,trash,0,3470001,6,2.0,1,2,110,127,creature,18322
map_556_difficulty_1,trash,0,3470001,6,2.0,1,2,110,127,creature,18323
map_556_difficulty_1,trash,0,3470001,6,2.0,1,2,110,127,creature,18325
map_556_difficulty_1,trash,0,3470001,6,2.0,1,2,110,127,creature,18326
map_556_difficulty_1,trash,0,3470001,6,2.0,1,2,110,127,creature,18327
map_556_difficulty_1,trash,0,3470001,6,2.0,1,2,110,127,creature,18328
map_556_difficulty_1,trash,0,3470001,6,2.0,1,2,110,127,creature,19428
map_556_difficulty_1,trash,0,3470001,6,2.0,1,2,110,127,creature,19429
map_556_difficulty_1,trash,0,3470001,6,2.0,1,2,110,127,creature,21891
map_556_difficulty_1,trash,0,3470001,6,2.0,1,2,110,127,creature,21904
map_556_difficulty_1,boss_000207,1,3470002,24,2.0,1,2,110,127,creature,18473
map_557_difficulty_0,boss_000203,0,3480000,27,2.0,1,1,102,116,creature,18341
map_557_difficulty_0,trash,0,3480001,8,2.0,1,1,102,116,creature,18309
map_557_difficulty_0,trash,0,3480001,8,2.0,1,1,102,116,creature,18311
map_557_difficulty_0,trash,0,3480001,8,2.0,1,1,102,116,creature,18312
map_557_difficulty_0,trash,0,3480001,8,2.0,1,1,102,116,creature,18313
map_557_difficulty_0,trash,0,3480001,8,2.0,1,1,102,116,creature,18314
map_557_difficulty_0,trash,0,3480001,8,2.0,1,1,102,116,creature,18315
map_557_difficulty_0,trash,0,3480001,8,2.0,1,1,102,116,creature,18317
map_557_difficulty_0,trash,0,3480001,8,2.0,1,1,102,116,creature,18331
map_557_difficulty_0,trash,0,3480001,8,2.0,1,1,102,116,creature,19306
map_557_difficulty_0,trash,0,3480001,8,2.0,1,1,102,116,creature,19307
map_557_difficulty_0,boss_000204,1,3480002,11,2.0,1,1,102,116,creature,18343
map_557_difficulty_0,boss_000205,2,3480003,18,2.0,1,1,102,116,creature,18344
map_557_difficulty_1,boss_000203,0,3490000,15,2.0,1,2,102,116,creature,18341
map_557_difficulty_1,trash,0,3490001,4,2.0,1,2,102,116,creature,18309
map_557_difficulty_1,trash,0,3490001,4,2.0,1,2,102,116,creature,18311
map_557_difficulty_1,trash,0,3490001,4,2.0,1,2,102,116,creature,18312
map_557_difficulty_1,trash,0,3490001,4,2.0,1,2,102,116,creature,18313
map_557_difficulty_1,trash,0,3490001,4,2.0,1,2,102,116,creature,18314
map_557_difficulty_1,trash,0,3490001,4,2.0,1,2,102,116,creature,18315
map_557_difficulty_1,trash,0,3490001,4,2.0,1,2,102,116,creature,18317
map_557_difficulty_1,trash,0,3490001,4,2.0,1,2,102,116,creature,18331
map_557_difficulty_1,trash,0,3490001,4,2.0,1,2,102,116,creature,19306
map_557_difficulty_1,trash,0,3490001,4,2.0,1,2,102,116,creature,19307
map_557_difficulty_1,boss_000204,1,3490002,11,2.0,1,2,102,116,creature,18343
map_557_difficulty_1,boss_000205,2,3490003,20,2.0,1,2,102,116,creature,18344
map_558_difficulty_0,boss_000201,0,3500000,20,2.0,1,1,106,120,creature,18371
map_558_difficulty_0,trash,0,3500001,3,2.0,1,1,106,120,creature,18493
map_558_difficulty_0,trash,0,3500001,3,2.0,1,1,106,120,creature,18495
map_558_difficulty_0,trash,0,3500001,3,2.0,1,1,106,120,creature,18497
map_558_difficulty_0,trash,0,3500001,3,2.0,1,1,106,120,creature,18521
map_558_difficulty_0,trash,0,3500001,3,2.0,1,1,106,120,creature,18524
map_558_difficulty_0,trash,0,3500001,3,2.0,1,1,106,120,creature,18556
map_558_difficulty_0,trash,0,3500001,3,2.0,1,1,106,120,creature,18557
map_558_difficulty_0,trash,0,3500001,3,2.0,1,1,106,120,creature,18558
map_558_difficulty_0,trash,0,3500001,3,2.0,1,1,106,120,creature,18559
map_558_difficulty_0,trash,0,3500001,3,2.0,1,1,106,120,creature,18702
map_558_difficulty_0,boss_000202,1,3500002,15,2.0,1,1,106,120,creature,18373
map_558_difficulty_1,boss_000201,0,3510000,18,2.0,1,2,106,120,creature,18371
map_558_difficulty_1,trash,0,3510001,3,2.0,1,2,106,120,creature,18493
map_558_difficulty_1,trash,0,3510001,3,2.0,1,2,106,120,creature,18495
map_558_difficulty_1,trash,0,3510001,3,2.0,1,2,106,120,creature,18497
map_558_difficulty_1,trash,0,3510001,3,2.0,1,2,106,120,creature,18521
map_558_difficulty_1,trash,0,3510001,3,2.0,1,2,106,120,creature,18524
map_558_difficulty_1,trash,0,3510001,3,2.0,1,2,106,120,creature,18556
map_558_difficulty_1,trash,0,3510001,3,2.0,1,2,106,120,creature,18557
map_558_difficulty_1,trash,0,3510001,3,2.0,1,2,106,120,creature,18558
map_558_difficulty_1,trash,0,3510001,3,2.0,1,2,106,120,creature,18559
map_558_difficulty_1,trash,0,3510001,3,2.0,1,2,106,120,creature,18702
map_558_difficulty_1,boss_000202,1,3510002,28,2.0,1,2,106,120,creature,18373
map_560_difficulty_0,trash,0,3520000,2101,2.0,1,1,11,120,creature,2267
map_560_difficulty_0,trash,0,3520000,2101,2.0,1,1,11,120,creature,2350
map_560_difficulty_0,trash,0,3520000,2101,2.0,1,1,11,120,creature,2354
map_560_difficulty_0,trash,0,3520000,2101,2.0,1,1,11,120,creature,2385
map_560_difficulty_0,trash,0,3520000,2101,2.0,1,1,11,120,creature,2408
map_560_difficulty_0,trash,0,3520000,2101,2.0,1,1,11,120,creature,17814
map_560_difficulty_0,trash,0,3520000,2101,2.0,1,1,11,120,creature,17815
map_560_difficulty_0,trash,0,3520000,2101,2.0,1,1,11,120,creature,17819
map_560_difficulty_0,trash,0,3520000,2101,2.0,1,1,11,120,creature,17820
map_560_difficulty_0,trash,0,3520000,2101,2.0,1,1,11,120,creature,17833
map_560_difficulty_0,trash,0,3520000,2101,2.0,1,1,11,120,creature,17840
map_560_difficulty_0,trash,0,3520000,2101,2.0,1,1,11,120,creature,17846
map_560_difficulty_0,trash,0,3520000,2101,2.0,1,1,11,120,creature,17860
map_560_difficulty_0,trash,0,3520000,2101,2.0,1,1,11,120,creature,18092
map_560_difficulty_0,trash,0,3520000,2101,2.0,1,1,11,120,creature,18093
map_560_difficulty_0,trash,0,3520000,2101,2.0,1,1,11,120,creature,18094
map_560_difficulty_0,trash,0,3520000,2101,2.0,1,1,11,120,creature,20424
map_560_difficulty_0,trash,0,3520000,2101,2.0,1,1,11,120,creature,28132
map_560_difficulty_1,trash,0,3530000,2130,2.0,1,2,11,120,creature,2267
map_560_difficulty_1,trash,0,3530000,2130,2.0,1,2,11,120,creature,2350
map_560_difficulty_1,trash,0,3530000,2130,2.0,1,2,11,120,creature,2354
map_560_difficulty_1,trash,0,3530000,2130,2.0,1,2,11,120,creature,2385
map_560_difficulty_1,trash,0,3530000,2130,2.0,1,2,11,120,creature,2408
map_560_difficulty_1,trash,0,3530000,2130,2.0,1,2,11,120,creature,17814
map_560_difficulty_1,trash,0,3530000,2130,2.0,1,2,11,120,creature,17815
map_560_difficulty_1,trash,0,3530000,2130,2.0,1,2,11,120,creature,17819
map_560_difficulty_1,trash,0,3530000,2130,2.0,1,2,11,120,creature,17820
map_560_difficulty_1,trash,0,3530000,2130,2.0,1,2,11,120,creature,17833
map_560_difficulty_1,trash,0,3530000,2130,2.0,1,2,11,120,creature,17840
map_560_difficulty_1,trash,0,3530000,2130,2.0,1,2,11,120,creature,17846
map_560_difficulty_1,trash,0,3530000,2130,2.0,1,2,11,120,creature,17860
map_560_difficulty_1,trash,0,3530000,2130,2.0,1,2,11,120,creature,18092
map_560_difficulty_1,trash,0,3530000,2130,2.0,1,2,11,120,creature,18093
map_560_difficulty_1,trash,0,3530000,2130,2.0,1,2,11,120,creature,18094
map_560_difficulty_1,trash,0,3530000,2130,2.0,1,2,11,120,creature,20424
map_560_difficulty_1,trash,0,3530000,2130,2.0,1,2,11,120,creature,28132
map_564_difficulty_0,boss_000601,0,3540000,7,2.0,1,1,126,155,creature,22887
map_564_difficulty_0,trash,0,3540001,1,2.0,1,1,126,155,creature,22844
map_564_difficulty_0,trash,0,3540001,1,2.0,1,1,126,155,creature,22845
map_564_difficulty_0,trash,0,3540001,1,2.0,1,1,126,155,creature,22846
map_564_difficulty_0,trash,0,3540001,1,2.0,1,1,126,155,creature,22847
map_564_difficulty_0,trash,0,3540001,1,2.0,1,1,126,155,creature,22853
map_564_difficulty_0,trash,0,3540001,1,2.0,1,1,126,155,creature,22855
map_564_difficulty_0,trash,0,3540001,1,2.0,1,1,126,155,creature,22869
map_564_difficulty_0,trash,0,3540001,1,2.0,1,1,126,155,creature,22873
map_564_difficulty_0,trash,0,3540001,1,2.0,1,1,126,155,creature,22874
map_564_difficulty_0,trash,0,3540001,1,2.0,1,1,126,155,creature,22875
map_564_difficulty_0,trash,0,3540001,1,2.0,1,1,126,155,creature,22876
map_564_difficulty_0,trash,0,3540001,1,2.0,1,1,126,155,creature,22877
map_564_difficulty_0,trash,0,3540001,1,2.0,1,1,126,155,creature,22878
map_564_difficulty_0,trash,0,3540001,1,2.0,1,1,126,155,creature,22879
map_564_difficulty_0,trash,0,3540001,1,2.0,1,1,126,155,creature,22880
map_564_difficulty_0,trash,0,3540001,1,2.0,1,1,126,155,creature,22881
map_564_difficulty_0,trash,0,3540001,1,2.0,1,1,126,155,creature,22882
map_564_difficulty_0,trash,0,3540001,1,2.0,1,1,126,155,creature,22883
map_564_difficulty_0,trash,0,3540001,1,2.0,1,1,126,155,creature,22884
map_564_difficulty_0,trash,0,3540001,1,2.0,1,1,126,155,creature,22885
map_564_difficulty_0,trash,0,3540001,1,2.0,1,1,126,155,creature,22939
map_564_difficulty_0,trash,0,3540001,1,2.0,1,1,126,155,creature,22945
map_564_difficulty_0,trash,0,3540001,1,2.0,1,1,126,155,creature,22946
map_564_difficulty_0,trash,0,3540001,1,2.0,1,1,126,155,creature,22949
map_564_difficulty_0,trash,0,3540001,1,2.0,1,1,126,155,creature,22950
map_564_difficulty_0,trash,0,3540001,1,2.0,1,1,126,155,creature,22951
map_564_difficulty_0,trash,0,3540001,1,2.0,1,1,126,155,creature,22952
map_564_difficulty_0,trash,0,3540001,1,2.0,1,1,126,155,creature,22953
map_564_difficulty_0,trash,0,3540001,1,2.0,1,1,126,155,creature,22954
map_564_difficulty_0,trash,0,3540001,1,2.0,1,1,126,155,creature,22955
map_564_difficulty_0,trash,0,3540001,1,2.0,1,1,126,155,creature,22956
map_564_difficulty_0,trash,0,3540001,1,2.0,1,1,126,155,creature,22957
map_564_difficulty_0,trash,0,3540001,1,2.0,1,1,126,155,creature,22959
map_564_difficulty_0,trash,0,3540001,1,2.0,1,1,126,155,creature,22960
map_564_difficulty_0,trash,0,3540001,1,2.0,1,1,126,155,creature,22962
map_564_difficulty_0,trash,0,3540001,1,2.0,1,1,126,155,creature,22963
map_564_difficulty_0,trash,0,3540001,1,2.0,1,1,126,155,creature,22964
map_564_difficulty_0,trash,0,3540001,1,2.0,1,1,126,155,creature,22965
map_564_difficulty_0,trash,0,3540001,1,2.0,1,1,126,155,creature,23018
map_564_difficulty_0,trash,0,3540001,1,2.0,1,1,126,155,creature,23028
map_564_difficulty_0,trash,0,3540001,1,2.0,1,1,126,155,creature,23030
map_564_difficulty_0,trash,0,3540001,1,2.0,1,1,126,155,creature,23047
map_564_difficulty_0,trash,0,3540001,1,2.0,1,1,126,155,creature,23049
map_564_difficulty_0,trash,0,3540001,1,2.0,1,1,126,155,creature,23147
map_564_difficulty_0,trash,0,3540001,1,2.0,1,1,126,155,creature,23172
map_564_difficulty_0,trash,0,3540001,1,2.0,1,1,126,155,creature,23196
map_564_difficulty_0,trash,0,3540001,1,2.0,1,1,126,155,creature,23222
map_564_difficulty_0,trash,0,3540001,1,2.0,1,1,126,155,creature,23223
map_564_difficulty_0,trash,0,3540001,1,2.0,1,1,126,155,creature,23232
map_564_difficulty_0,trash,0,3540001,1,2.0,1,1,126,155,creature,23235
map_564_difficulty_0,trash,0,3540001,1,2.0,1,1,126,155,creature,23236
map_564_difficulty_0,trash,0,3540001,1,2.0,1,1,126,155,creature,23237
map_564_difficulty_0,trash,0,3540001,1,2.0,1,1,126,155,creature,23239
map_564_difficulty_0,trash,0,3540001,1,2.0,1,1,126,155,creature,23330
map_564_difficulty_0,trash,0,3540001,1,2.0,1,1,126,155,creature,23337
map_564_difficulty_0,trash,0,3540001,1,2.0,1,1,126,155,creature,23339
map_564_difficulty_0,trash,0,3540001,1,2.0,1,1,126,155,creature,23374
map_564_difficulty_0,trash,0,3540001,1,2.0,1,1,126,155,creature,23394
map_564_difficulty_0,trash,0,3540001,1,2.0,1,1,126,155,creature,23397
map_564_difficulty_0,trash,0,3540001,1,2.0,1,1,126,155,creature,23400
map_564_difficulty_0,trash,0,3540001,1,2.0,1,1,126,155,creature,23402
map_564_difficulty_0,trash,0,3540001,1,2.0,1,1,126,155,creature,23403
map_564_difficulty_0,boss_000602,1,3540002,5,2.0,1,1,126,155,creature,22898
map_564_difficulty_0,boss_000603,2,3540003,3,2.0,1,1,126,155,creature,22841
map_564_difficulty_0,boss_000604,3,3540004,7,2.0,1,1,126,155,creature,22871
map_564_difficulty_0,boss_000605,4,3540005,12,2.0,1,1,126,155,creature,22948
map_564_difficulty_0,boss_000607,5,3540006,4,2.0,1,1,126,155,creature,22947
map_564_difficulty_0,boss_000609,6,3540007,2,2.0,1,1,126,155,creature,22917
map_565_difficulty_0,boss_000649,0,3550000,5,2.0,1,1,140,155,creature,18831
map_565_difficulty_0,trash,0,3550001,4,2.0,1,1,140,155,creature,19389
map_565_difficulty_0,trash,0,3550001,4,2.0,1,1,140,155,creature,21350
map_565_difficulty_0,boss_000650,1,3550002,15,2.0,1,1,140,155,creature,19044
map_568_difficulty_0,boss_000778,0,3560000,6,2.0,1,1,126,155,creature,23574
map_568_difficulty_0,trash,0,3560001,1,2.0,1,1,126,155,creature,23542
map_568_difficulty_0,trash,0,3560001,1,2.0,1,1,126,155,creature,23580
map_568_difficulty_0,trash,0,3560001,1,2.0,1,1,126,155,creature,23581
map_568_difficulty_0,trash,0,3560001,1,2.0,1,1,126,155,creature,23582
map_568_difficulty_0,trash,0,3560001,1,2.0,1,1,126,155,creature,23584
map_568_difficulty_0,trash,0,3560001,1,2.0,1,1,126,155,creature,23586
map_568_difficulty_0,trash,0,3560001,1,2.0,1,1,126,155,creature,23596
map_568_difficulty_0,trash,0,3560001,1,2.0,1,1,126,155,creature,23597
map_568_difficulty_0,trash,0,3560001,1,2.0,1,1,126,155,creature,23774
map_568_difficulty_0,trash,0,3560001,1,2.0,1,1,126,155,creature,23834
map_568_difficulty_0,trash,0,3560001,1,2.0,1,1,126,155,creature,24043
map_568_difficulty_0,trash,0,3560001,1,2.0,1,1,126,155,creature,24047
map_568_difficulty_0,trash,0,3560001,1,2.0,1,1,126,155,creature,24059
map_568_difficulty_0,trash,0,3560001,1,2.0,1,1,126,155,creature,24064
map_568_difficulty_0,trash,0,3560001,1,2.0,1,1,126,155,creature,24065
map_568_difficulty_0,trash,0,3560001,1,2.0,1,1,126,155,creature,24179
map_568_difficulty_0,trash,0,3560001,1,2.0,1,1,126,155,creature,24180
map_568_difficulty_0,trash,0,3560001,1,2.0,1,1,126,155,creature,24374
map_568_difficulty_0,trash,0,3560001,1,2.0,1,1,126,155,creature,24530
map_568_difficulty_0,trash,0,3560001,1,2.0,1,1,126,155,creature,24549
map_568_difficulty_0,boss_000779,1,3560002,4,2.0,1,1,126,155,creature,23576
map_568_difficulty_0,boss_000780,2,3560003,10,2.0,1,1,126,155,creature,23578
map_568_difficulty_0,boss_000781,3,3560004,6,2.0,1,1,126,155,creature,23577
map_568_difficulty_0,boss_000782,4,3560005,8,2.0,1,1,126,155,creature,24239
map_568_difficulty_0,boss_000783,5,3560006,4,2.0,1,1,126,155,creature,23863
map_576_difficulty_0,boss_000519,0,3570000,88,2.0,1,1,133,284,creature,26796
map_576_difficulty_0,trash,0,3570001,46,2.0,1,1,133,284,creature,26716
map_576_difficulty_0,trash,0,3570001,46,2.0,1,1,133,284,creature,26722
map_576_difficulty_0,trash,0,3570001,46,2.0,1,1,133,284,creature,26727
map_576_difficulty_0,trash,0,3570001,46,2.0,1,1,133,284,creature,26728
map_576_difficulty_0,trash,0,3570001,46,2.0,1,1,133,284,creature,26729
map_576_difficulty_0,trash,0,3570001,46,2.0,1,1,133,284,creature,26730
map_576_difficulty_0,trash,0,3570001,46,2.0,1,1,133,284,creature,26734
map_576_difficulty_0,trash,0,3570001,46,2.0,1,1,133,284,creature,26735
map_576_difficulty_0,trash,0,3570001,46,2.0,1,1,133,284,creature,26737
map_576_difficulty_0,trash,0,3570001,46,2.0,1,1,133,284,creature,26782
map_576_difficulty_0,trash,0,3570001,46,2.0,1,1,133,284,creature,26792
map_576_difficulty_0,trash,0,3570001,46,2.0,1,1,133,284,creature,26800
map_576_difficulty_0,trash,0,3570001,46,2.0,1,1,133,284,creature,26802
map_576_difficulty_0,trash,0,3570001,46,2.0,1,1,133,284,creature,26805
map_576_difficulty_0,trash,0,3570001,46,2.0,1,1,133,284,creature,27949
map_576_difficulty_0,trash,0,3570001,46,2.0,1,1,133,284,creature,28231
map_576_difficulty_0,boss_000520,1,3570002,100,2.0,1,1,133,284,creature,26731
map_576_difficulty_0,boss_000522,2,3570003,105,2.0,1,1,133,284,creature,26763
map_576_difficulty_0,boss_000524,3,3570004,118,2.0,1,1,133,284,creature,26794
map_576_difficulty_0,boss_000526,4,3570005,116,2.0,1,1,133,284,creature,26723
map_576_difficulty_1,boss_000519,0,3580000,135,2.0,1,2,133,284,creature,26796
map_576_difficulty_1,trash,0,3580001,45,2.0,1,2,133,284,creature,26716
map_576_difficulty_1,trash,0,3580001,45,2.0,1,2,133,284,creature,26722
map_576_difficulty_1,trash,0,3580001,45,2.0,1,2,133,284,creature,26727
map_576_difficulty_1,trash,0,3580001,45,2.0,1,2,133,284,creature,26728
map_576_difficulty_1,trash,0,3580001,45,2.0,1,2,133,284,creature,26729
map_576_difficulty_1,trash,0,3580001,45,2.0,1,2,133,284,creature,26730
map_576_difficulty_1,trash,0,3580001,45,2.0,1,2,133,284,creature,26734
map_576_difficulty_1,trash,0,3580001,45,2.0,1,2,133,284,creature,26735
map_576_difficulty_1,trash,0,3580001,45,2.0,1,2,133,284,creature,26737
map_576_difficulty_1,trash,0,3580001,45,2.0,1,2,133,284,creature,26782
map_576_difficulty_1,trash,0,3580001,45,2.0,1,2,133,284,creature,26792
map_576_difficulty_1,trash,0,3580001,45,2.0,1,2,133,284,creature,26800
map_576_difficulty_1,trash,0,3580001,45,2.0,1,2,133,284,creature,26802
map_576_difficulty_1,trash,0,3580001,45,2.0,1,2,133,284,creature,26805
map_576_difficulty_1,trash,0,3580001,45,2.0,1,2,133,284,creature,27949
map_576_difficulty_1,trash,0,3580001,45,2.0,1,2,133,284,creature,28231
map_576_difficulty_1,boss_000520,1,3580002,108,2.0,1,2,133,284,creature,26731
map_576_difficulty_1,boss_000522,2,3580003,133,2.0,1,2,133,284,creature,26763
map_576_difficulty_1,boss_000524,3,3580004,110,2.0,1,2,133,284,creature,26794
map_576_difficulty_1,boss_000526,4,3580005,114,2.0,1,2,133,284,creature,26723
map_580_difficulty_0,boss_000725,0,3590000,25,2.0,1,1,126,155,creature,24882
map_580_difficulty_0,trash,0,3590001,5,2.0,1,1,126,155,creature,25166
map_580_difficulty_0,trash,0,3590001,5,2.0,1,1,126,155,creature,25593
map_580_difficulty_0,trash,0,3590001,5,2.0,1,1,126,155,creature,25595
map_580_difficulty_0,trash,0,3590001,5,2.0,1,1,126,155,creature,25599
map_580_difficulty_0,trash,0,3590001,5,2.0,1,1,126,155,creature,25867
map_580_difficulty_0,boss_000727,1,3590002,20,2.0,1,1,126,155,creature,25165
map_595_difficulty_0,trash,0,3600000,338,2.0,1,1,174,284,creature,27729
map_595_difficulty_0,trash,0,3600000,338,2.0,1,1,174,284,creature,27731
map_595_difficulty_0,trash,0,3600000,338,2.0,1,1,174,284,creature,27734
map_595_difficulty_0,trash,0,3600000,338,2.0,1,1,174,284,creature,27736
map_595_difficulty_0,trash,0,3600000,338,2.0,1,1,174,284,creature,28201
map_595_difficulty_0,trash,0,3600000,338,2.0,1,1,174,284,creature,28249
map_595_difficulty_1,trash,0,3610000,329,2.0,1,2,174,284,creature,27729
map_595_difficulty_1,trash,0,3610000,329,2.0,1,2,174,284,creature,27731
map_595_difficulty_1,trash,0,3610000,329,2.0,1,2,174,284,creature,27734
map_595_difficulty_1,trash,0,3610000,329,2.0,1,2,174,284,creature,27736
map_595_difficulty_1,trash,0,3610000,329,2.0,1,2,174,284,creature,28201
map_595_difficulty_1,trash,0,3610000,329,2.0,1,2,174,284,creature,28249
