reference_entry,displayid,item_level,quality
210,14444,5,1
720,2368,28,3
727,26577,10,2
744,18059,44,2
754,20218,47,3
789,19699,22,2
790,19401,23,2
812,20257,54,4
821,17102,13,2
832,6847,15,2
862,18397,50,3
863,19213,37,2
865,5212,31,2
866,20357,42,2
888,17182,27,3
892,16950,22,2
897,17011,29,2
899,6459,19,2
914,2829,30,2
937,20329,38,3
996,3453,2,1
1021,13551,1,1
1022,15299,1,1
1024,15304,1,1
1025,15302,1,1
1076,6012,25,2
1121,703,24,3
1155,20327,29,3
1156,9839,22,3
1168,30993,59,4
1173,6777,10,1
1207,5223,39,2
1211,14260,15,2
1215,16942,22,2
1216,9559,33,2
1219,20122,16,2
1273,12723,25,2
1280,15298,38,2
1282,15324,33,2
1299,16717,22,2
1300,20391,20,2
1304,16818,20,2
1306,11387,20,2
1310,16971,20,2
1314,17179,20,2
1319,14437,25,2
1351,16897,28,2
1355,23014,15,2
1359,6751,8,1
1391,20410,18,2
1406,5638,21,2
1436,17144,17,2
1440,8570,19,2
1444,6504,40,3
1446,6841,19,2
1447,14438,46,4
1448,6842,20,2
1462,9846,25,2
1465,20594,38,2
1473,20402,19,2
1484,9122,22,3
1486,9889,24,3
1489,8676,25,3
1521,19306,44,2
1522,22239,36,2
1539,20395,19,2
1560,16856,21,2
1566,20078,17,2
1604,63370,45,2
1607,20272,54,3
1613,28470,44,2
1624,15340,43,2
1678,11269,37,3
1713,23949,45,3
1716,16667,40,3
1717,12960,30,3
1718,17137,43,3
1720,21460,46,3
1722,15467,42,3
1832,16845,17,2
1917,20435,10,2
1925,20114,16,2
1927,19276,15,2
1928,20415,16,2
1929,16848,18,2
1934,6774,20,2
1944,17062,18,2
1945,17189,18,2
1955,6907,27,2
1959,14038,17,2
1974,16901,22,3
1976,8590,29,3
1978,12813,27,3
1981,8668,44,4
1988,25892,38,2
1990,5533,36,2
1993,14436,36,2
1994,19129,46,2
1998,20356,33,2
2000,20251,35,2
2013,20373,26,2
2015,19255,28,2
2017,6738,28,2
2020,20492,18,2
2033,10711,25,2
2036,17054,18,2
2041,8703,24,3
2059,22991,24,3
2075,5218,12,2
2077,28578,29,2
2079,19637,17,2
2080,19400,34,2
2084,20152,30,2
2087,17095,13,2
2088,6455,15,2
2089,20407,18,2
2124,14427,5,1
2125,17176,5,1
2140,6440,11,2
2163,20291,53,4
2166,685,20,2
2168,16713,21,2
2173,28227,5,1
2175,8534,23,2
2186,4545,5,1
2194,8567,25,3
2218,20451,13,2
2226,20372,27,2
2232,4272,25,2
2233,18489,27,2
2234,8677,30,2
2254,19612,12,2
2256,5221,24,3
2264,12830,30,3
2274,6883,17,2
2275,13279,20,3
2277,3173,35,3
2278,17190,31,3
2280,20370,27,3
2281,19297,11,2
2283,16831,15,2
2292,19037,25,3
2300,9502,12,2
2307,17163,18,2
2308,23028,15,2
2309,13864,15,2
2310,23025,13,2
2311,17233,13,2
2312,5406,15,2
2314,9531,24,3
2315,9530,20,2
2316,23021,22,2
2317,17214,20,2
2389,6952,5,1
2391,6954,5,1
2486,19627,3,1
2545,3043,26,2
2564,4485,50,3
2566,16666,27,2
2567,20590,23,3
2569,17120,13,2
2572,12687,10,2
2578,10891,14,2
2580,23133,12,2
2582,12394,17,2
2585,12669,21,2
2588,13253,20,1
2620,15284,39,2
2621,15295,36,2
2694,28250,17,2
2721,16826,32,3
2800,21114,26,3
2802,6484,43,3
2817,17103,12,2
2818,1963,15,2
2820,6540,50,2
2849,19929,23,2
2853,6966,7,1
2854,25851,19,2
2857,25852,18,2
2864,25848,18,2
2868,23533,25,2
2869,9403,26,2
2870,23540,29,3
2899,16949,15,2
2903,8107,15,2
2908,20605,20,2
2911,9898,23,3
2913,16828,28,2
2917,9850,33,2
2919,6526,30,1
2922,6564,20,1
2923,6550,25,1
2933,9845,31,3
2942,3007,26,3
2949,16989,25,2
2950,20378,25,2
2951,9851,36,3
2954,14615,33,2
2957,14499,11,2
2958,14498,10,2
2961,17093,11,2
2962,17160,10,2
2963,16980,9,1
2969,14524,17,2
2973,14539,17,2
2974,14537,16,2
2976,14536,15,2
2983,14552,17,2
2984,16789,18,2
2985,9739,21,2
2986,11369,20,2
2987,11373,18,2
2988,14411,19,2
2989,25769,21,2
2990,25768,21,2
2991,25765,21,2
3000,16888,10,2
3001,18087,20,1
3002,6338,30,1
3004,6551,15,1
3006,6521,25,1
3011,13259,36,2
3018,23027,23,2
3019,12682,18,2
3020,21294,33,3
3021,20673,25,3
3022,16534,23,2
3039,20672,23,2
3045,25778,27,2
3048,11525,26,2
3056,16954,26,2
3057,16984,24,2
3058,17055,25,2
3068,16824,32,2
3073,16846,26,2
3074,12420,24,2
3076,4873,23,2
3079,20738,12,2
3166,12965,15,2
3185,20362,34,2
3186,26576,30,2
3189,8525,8,1
3192,26590,12,2
3195,8499,18,2
3196,26585,18,2
3199,19372,22,2
3200,17004,8,1
3202,10216,24,2
3204,3606,26,2
3205,14410,17,2
3211,25766,19,2
3217,16787,15,2
3223,19624,11,2
3227,20381,23,2
3228,10402,26,3
3230,17166,26,3
3231,10166,25,2
3235,9840,20,2
3282,26932,12,2
3283,26933,13,2
3287,28591,12,2
3288,27996,13,2
3291,14511,13,2
3302,26944,15,2
3306,26949,18,2
3307,11060,15,2
3308,16592,15,2
3310,16590,18,2
3314,14546,15,2
3315,14547,17,2
3325,19252,9,1
3330,12971,13,2
3332,6987,9,1
3336,20341,29,2
3344,4511,15,2
3392,21310,30,2
3433,7480,1,0
3440,6806,13,2
3446,20419,13,2
3449,23127,15,2
3452,5120,22,2
3457,16850,18,2
3458,6982,18,2
3461,12672,24,2
3462,28607,24,2
3471,13090,10,2
3472,25850,12,2
3473,25849,13,2
3474,9390,15,2
3480,23531,22,2
3481,9407,25,2
3483,9406,27,2
3487,20196,19,2
3489,8496,17,2
3491,5211,25,2
3492,3780,30,2
3511,23020,15,2
3555,16615,25,2
3556,16544,30,2
3559,11626,21,2
3560,20715,35,2
3561,23135,26,2
3562,16910,27,2
3563,3179,20,2
3565,14127,20,2
3578,9380,15,2
3581,20414,18,2
3582,23085,18,2
3586,19231,16,2
3595,16583,5,1
3645,16915,17,2
3719,23040,30,2
3739,16132,25,2
3743,6275,28,2
3748,10169,26,3
3750,8732,30,2
3751,3083,30,2
3752,8666,22,2
3755,19228,32,2
3765,6971,40,2
3835,9417,33,2
3837,15333,38,2
3841,9424,35,2
3843,9242,34,2
3844,13088,36,3
3850,20215,35,2
3852,15468,34,2
3854,20252,40,2
3856,8533,40,2
3884,13249,22,1
3885,13278,22,1
3902,20412,18,2
3933,7312,23,3
3985,16829,40,2
4036,4607,27,2
4038,27557,37,2
4042,14661,39,2
4043,14652,38,2
4046,14685,45,2
4047,14679,43,2
4048,17199,31,2
4050,17141,31,2
4052,21304,35,2
4054,17149,35,2
4055,3036,34,2
4057,16890,36,2
4058,14674,41,2
4059,14673,37,2
4060,14675,40,2
4061,17008,42,2
4062,17147,45,2
4063,17181,43,2
4067,6272,39,2
4071,25801,31,2
4072,25802,30,2
4077,25825,35,2
4078,25904,39,2
4079,25896,40,2
4080,15290,45,2
4083,26075,44,2
4087,4426,41,2
4090,18496,46,3
4091,20380,47,3
4107,4438,37,2
4108,4439,40,2
4109,16983,41,2
4113,23123,45,2
4117,16830,44,2
4119,17100,43,2
4120,16695,40,3
4121,14323,35,2
4123,6919,37,2
4130,6562,50,2
4131,17115,44,2
4133,4462,37,2
4135,6486,35,2
4137,4835,42,2
4196,4483,30,3
4239,9503,13,2
4242,9505,15,2
4243,9511,17,2
4244,18458,20,2
4246,9513,16,2
4247,2362,29,2
4248,9526,26,2
4249,12464,25,2
4250,17237,25,2
4251,11274,26,2
4253,27881,27,3
4254,9543,30,2
4257,17224,32,2
4258,9538,34,2
4260,9550,39,2
4262,17218,37,3
4264,17111,40,2
4303,19615,12,2
4307,6295,10,2
4308,8089,12,2
4309,12395,14,2
4310,12865,17,2
4314,9997,22,2
4315,17135,24,2
4317,12399,25,2
4318,6291,26,2
4319,17130,29,2
4320,4301,24,3
4321,17138,28,2
4322,15314,33,2
4323,15319,34,2
4325,4631,35,2
4327,15273,40,3
4328,17136,36,2
4331,13195,25,2
4343,12388,10,2
4368,13236,20,2
4373,26619,24,2
4381,22293,28,2
4385,22422,30,2
4393,13215,37,2
4396,21632,40,2
4397,7841,40,2
4434,4365,20,2
4437,20390,20,2
4438,6977,30,3
4439,6795,22,2
4444,18694,24,2
4448,4723,27,2
4449,20439,27,2
4455,14261,33,2
4456,17231,33,2
4462,23098,31,2
4464,7002,32,2
4474,12883,32,2
4505,16791,31,2
4511,19783,40,2
4534,6996,29,2
4535,9838,31,2
4543,21313,40,2
4562,8531,10,2
4566,20420,13,2
4567,20111,16,2
4569,19778,14,2
4570,8586,15,2
4575,20401,19,2
4576,20674,21,2
4577,6592,13,2
4614,9859,35,2
4643,15079,33,2
4660,6322,18,2
4661,27551,26,2
4664,2563,11,1
4676,6991,17,2
4697,25767,20,2
4699,14555,18,2
4701,23044,16,2
4706,25979,24,2
4707,25781,26,2
4708,27545,24,2
4709,8098,25,2
4710,23029,22,2
4712,25803,29,2
4713,23140,26,2
4717,25813,34,2
4718,16652,35,2
4720,14624,33,2
4721,17193,35,2
4724,21302,30,2
4727,25895,38,2
4731,14677,39,2
4732,23031,37,2
4734,11638,43,2
4736,14686,42,2
4737,17192,44,2
4738,16921,42,2
4741,4912,37,2
4743,6546,50,3
4744,16925,39,2
4745,7005,40,2
4765,7313,14,2
4766,5154,13,2
4767,3528,15,2
4768,16946,15,2
4771,23012,15,2
4778,6808,19,2
4782,16812,18,2
4785,6277,24,2
4786,16833,20,2
4788,4024,20,2
4790,15165,25,2
4793,15247,24,2
4794,6787,25,2
4797,15161,25,2
4799,23087,23,2
4810,19911,37,2
4818,20155,24,2
4827,16865,28,2
4828,16792,27,2
4830,17153,28,2
4831,17154,26,2
4832,22428,29,2
4853,15330,5,1
4861,5243,10,2
4910,6969,5,1
4914,17075,5,1
4915,16802,5,1
4920,23007,5,1
4928,17017,8,1
4947,20603,11,2
4949,19214,21,2
4951,16938,7,1
4954,16932,5,1
4971,8572,12,2
4976,28287,40,2
4977,20009,41,2
4978,19741,36,2
4980,5435,37,2
4989,16673,50,2
4990,16934,50,2
5005,9658,35,2
5008,9843,36,2
5016,16849,35,2
5069,6097,12,2
5071,18356,14,2
5111,18133,15,2
5180,6494,34,2
5191,7311,24,3
5193,22998,25,3
5195,16966,22,3
5197,20953,21,3
5198,21011,22,3
5199,1978,21,3
5200,5949,22,3
5202,12803,24,3
5207,20903,20,2
5214,21020,32,2
5216,20790,45,2
5222,6001,28,1
5242,6093,16,2
5243,12601,20,3
5249,20793,40,2
5250,6140,28,2
5252,20825,21,2
5254,10179,20,3
5256,19673,35,2
5257,23000,37,3
5275,7545,15,2
5299,17223,20,2
5306,7524,20,2
5309,7531,20,2
5311,17159,21,2
5312,7540,20,2
5313,7544,25,2
5315,28200,18,2
5316,16870,25,2
5317,8658,25,2
5319,7553,20,1
5328,7563,15,2
5337,19899,16,2
5340,20417,15,2
5341,8717,15,2
5343,23088,18,2
5344,8485,14,2
5345,8602,14,2
5346,20719,14,2
5351,6011,20,2
5356,20834,27,2
5387,23108,20,2
5404,6729,23,3
5420,8635,14,2
5425,7932,20,3
5426,19396,20,3
5444,15089,19,3
5459,5014,13,2
5540,6439,23,2
5541,19801,28,2
5542,23131,19,2
5587,19648,13,2
5609,6755,22,2
5610,23115,15,2
5613,20384,23,2
5617,6718,13,2
5622,14432,22,2
5627,20354,20,2
5630,8449,20,2
5739,12368,38,2
5750,8749,23,2
5751,23078,25,2
5753,8753,31,2
5754,7093,31,2
5755,8719,35,2
5756,20591,37,3
5770,12695,30,2
5776,20449,5,1
5780,8905,18,2
5781,8908,19,2
5782,22393,34,2
5813,9055,32,2
5817,9060,30,2
5819,15810,33,3
5820,9077,32,2
5821,16982,24,2
5822,9082,24,2
5943,9378,25,3
5944,7554,15,2
5958,9514,21,2
5962,9535,32,2
5964,9544,35,2
5965,23033,37,2
5966,9549,38,2
5967,9552,18,2
5969,23059,23,2
5970,19128,23,3
5971,23026,26,2
6040,9634,37,2
6084,9738,13,2
6085,11368,13,2
6087,9742,24,3
6092,49990,18,2
6093,19646,27,2
6095,11548,24,2
6173,16809,5,1
6179,15166,19,2
6188,10434,15,2
6191,10454,23,2
6195,12944,15,2
6197,2644,22,2
6198,10529,30,2
6199,10530,24,2
6204,13266,32,2
6220,20536,29,3
6226,12652,23,3
6238,12389,10,2
6240,12387,12,2
6241,17123,10,2
6242,12386,14,2
6243,12393,18,2
6255,6590,19,2
6266,16560,13,2
6267,16561,12,2
6269,17152,12,2
6282,11166,32,2
6314,23082,27,3
6318,20335,26,3
6319,11253,26,3
6320,18700,28,3
6321,14433,26,3
6324,12696,29,3
6336,3057,13,2
6337,3058,12,2
6360,11453,25,2
6378,23139,17,2
6379,16922,17,2
6381,27549,23,2
6387,25800,29,2
6388,25806,30,2
6389,15517,31,2
6392,11533,29,3
6394,11571,27,2
6395,13677,29,2
6396,14602,32,2
6397,14603,29,2
6399,14599,30,2
6402,25812,36,2
6403,25808,33,2
6405,14625,36,2
6408,17061,34,2
6410,17009,33,2
6411,25882,41,2
6415,12653,41,2
6416,14651,38,2
6419,14676,38,2
6420,14672,39,2
6421,14671,38,2
6424,26082,42,2
6425,26076,44,2
6427,12676,46,2
6430,18471,46,2
6431,16986,43,2
6432,23039,41,2
6433,21291,43,2
6440,12643,48,3
6448,20349,22,3
6449,23001,22,3
6459,11935,23,3
6461,11946,27,3
6466,23010,18,2
6467,11952,21,2
6468,11960,23,3
6469,20652,24,3
6473,17091,23,3
6477,11997,20,2
6480,9541,20,2
6482,12070,24,2
6502,12282,22,2
6519,8437,10,1
6527,12422,13,2
6531,19110,18,2
6537,12439,15,2
6538,16522,19,2
6539,14735,16,2
6540,14738,18,2
6541,14737,16,2
6542,15267,15,2
6543,14736,15,2
6546,25759,17,2
6547,25756,17,2
6548,25757,16,2
6550,25758,15,2
6551,6931,17,2
6553,14730,18,2
6556,14728,15,2
6557,19184,16,2
6558,17113,15,2
6559,2210,16,2
6562,16881,21,2
6563,14750,20,2
6565,16793,22,2
6567,14748,25,2
6569,18120,25,2
6570,14752,22,2
6573,25760,23,2
6574,12456,22,2
6575,25967,20,2
6576,25762,22,2
6578,12453,23,2
6581,17127,21,2
6582,14759,22,2
6583,3657,21,2
6584,14758,25,2
6585,23053,20,2
6587,14757,24,2
6591,25797,27,2
6592,25798,29,2
6593,25993,26,2
6596,25796,28,2
6597,25799,28,2
6601,14769,28,2
6603,14773,30,2
6605,14775,28,2
6607,14776,30,2
6608,27542,27,2
6609,16862,32,2
6611,16866,29,2
6612,19921,28,2
6613,16869,28,2
6615,16864,29,2
6616,16863,32,2
6617,4904,30,2
6627,12595,28,3
6628,16952,22,2
6631,20336,25,3
6632,15156,20,3
6659,12777,20,2
6665,12783,26,2
6666,12784,22,2
6667,23110,27,2
6668,12788,27,2
6678,14434,28,2
6682,12858,31,3
6685,11473,30,3
6687,22217,34,3
6688,17277,32,3
6689,20325,32,3
6690,17142,34,3
6696,20650,32,3
6726,16716,41,2
6727,17067,41,2
6729,20821,38,2
6731,12945,20,2
6732,12943,38,2
6739,20666,29,2
6740,12977,29,2
6742,12981,36,3
6743,12984,25,2
6744,16956,33,2
6747,12986,40,2
6750,12987,31,2
6752,16988,30,2
6780,13023,36,2
6784,13026,36,2
6788,17122,42,2
6792,13052,40,2
6793,13053,40,2
6794,17187,40,2
6797,21014,37,2
6804,19707,34,3
6831,20292,44,3
6832,23097,42,2
6900,13337,38,3
6901,23002,29,3
6902,17001,27,3
6903,13357,28,3
6906,13361,28,3
6908,16723,25,3
6910,13365,31,3
6911,16931,31,3
6969,20400,15,2
6971,15327,31,2
6975,22734,40,3
6978,19133,15,2
6983,19773,15,2
6984,20159,15,2
6998,13500,25,2
7000,16919,25,2
7001,20824,29,3
7046,13649,28,2
7047,17146,29,2
7048,15283,29,2
7049,17143,30,2
7050,15863,32,2
7053,23092,35,2
7056,15243,36,2
7059,13672,38,2
7060,17132,38,2
7065,13684,33,2
7107,13758,33,2
7111,14986,37,2
7113,14678,46,2
7115,19204,15,2
7117,19776,15,2
7130,15288,31,2
7187,16999,20,3
7188,13863,24,2
7229,11563,13,2
7280,17232,11,2
7281,14002,14,2
7282,3248,19,2
7284,3992,24,2
7285,14004,24,2
7298,20425,13,2
7327,20398,15,2
7329,20160,15,2
7332,15003,45,2
7338,9833,10,1
7348,6735,25,3
7349,17230,27,2
7352,14316,27,2
7355,16604,31,2
7356,23100,30,2
7359,17225,29,2
7368,16600,34,2
7369,16607,35,2
7370,16603,31,2
7373,14777,33,2
7374,14781,35,2
7375,25674,35,2
7377,23030,36,2
7386,14831,38,2
7387,14832,39,2
7390,17215,40,2
7407,21900,35,2
7408,11270,33,2
7409,19043,33,2
7410,14803,31,2
7411,23043,31,2
7413,21298,33,2
7414,21901,34,2
7415,14950,29,2
7417,26030,34,2
7419,26043,30,2
7420,30091,33,2
7421,26036,33,2
7423,26039,34,2
7427,9853,31,2
7431,14644,39,2
7432,16825,38,2
7433,16651,37,2
7437,14647,36,2
7440,15001,39,2
7441,21311,38,2
7443,15000,37,2
7444,14996,37,2
7447,14997,36,2
7448,14999,36,2
7454,25862,39,2
7456,30092,38,2
7460,26064,34,2
7462,25866,37,2
7471,15008,42,2
7474,15178,40,2
7475,15410,41,2
7476,15012,40,2
7477,17099,45,2
7478,15020,43,2
7479,15307,42,2
7480,15018,41,2
7481,15017,42,2
7483,23057,40,2
7486,22559,44,2
7487,25820,43,2
7489,25819,41,2
7492,26018,39,2
7493,25818,40,2
7506,15150,25,2
7510,15201,20,2
7511,15223,31,2
7512,15232,31,2
7519,15401,47,2
7520,15909,47,2
7522,15409,45,2
7524,15406,44,2
7526,16838,46,2
7530,15415,46,2
7534,15413,45,2
7538,26087,48,2
7539,3193,48,2
7541,26089,46,2
7542,26090,46,2
7544,26097,44,2
7549,14437,47,2
7551,15421,47,2
7553,15422,48,2
7682,6555,34,3
7683,15720,34,3
7688,15731,35,3
7690,15753,35,3
7691,16823,35,3
7709,15824,35,3
7710,20360,36,3
7711,12673,38,3
7712,4488,38,3
7713,15806,39,3
7717,22221,42,3
7719,15811,42,3
7720,16224,44,3
7727,17197,32,3
7728,19109,34,3
7731,15420,35,3
7734,3410,51,3
7746,7899,41,2
7750,13673,33,2
7751,15886,30,2
7752,19670,33,3
7754,15889,30,3
7755,15890,38,3
7756,15894,34,3
7759,15897,38,3
7760,21404,39,3
7786,15938,30,3
7914,16080,32,2
7916,16086,36,2
7917,16087,37,2
7926,16103,45,2
7928,16106,45,2
7929,23538,42,2
7930,16109,46,2
7934,16115,47,2
7935,16117,48,2
7938,16124,45,3
7942,5639,44,2
7943,16128,45,2
7947,16130,51,2
7949,16133,30,2
7950,16134,30,2
7952,16136,30,2
7956,16146,25,2
7957,16147,26,2
7960,23264,52,3
7961,25053,49,3
7963,16184,40,2
7996,16548,20,1
8108,16636,47,2
8109,23107,46,2
8110,16633,47,2
8112,16632,49,2
8113,19901,51,2
8114,21459,47,2
8116,16920,47,2
8118,14700,46,2
8120,23038,45,2
8121,14698,47,2
8123,14697,49,2
8125,26103,48,2
8127,26118,47,2
8129,26108,49,2
8132,26110,51,2
8133,26114,50,2
8138,27330,47,2
8141,27334,44,2
8142,27338,44,2
8143,27335,46,2
8174,17213,40,3
8175,16482,41,2
8176,16483,41,2
8178,26591,10,2
8184,18346,29,2
8186,20851,26,2
8187,16488,41,2
8188,20735,37,2
8191,16492,46,2
8192,16497,42,2
8193,17151,46,2
8194,19721,43,2
8198,16506,42,2
8199,18342,47,2
8200,16508,43,2
8202,16510,47,2
8203,16513,44,2
8204,16515,45,2
8206,16517,49,2
8208,16520,50,2
8209,16521,47,2
8210,25691,44,2
8211,25689,45,2
8214,25693,45,2
8215,23081,50,2
8224,22232,36,2
8245,17211,56,2
8247,17229,51,2
8248,17238,50,2
8249,17216,52,2
8250,17234,52,2
8254,18728,53,2
8256,17258,52,2
8257,17259,50,2
8261,17321,54,2
8265,26204,56,2
8266,26228,51,2
8267,28726,54,2
8269,28667,55,2
8272,26217,54,2
8277,27375,46,2
8281,27378,48,2
8293,17318,56,2
8295,17316,56,2
8297,23066,55,2
8302,26313,58,2
8304,26323,57,2
8307,26310,60,2
8309,26317,61,2
8310,26321,60,2
8314,27390,53,2
8315,27391,52,2
8318,27393,56,2
8319,27396,55,2
8345,45176,45,3
8346,16678,46,3
8348,17226,50,3
8350,224,15,2
8367,16729,51,3
9149,8025,45,2
9240,57786,50,3
9243,17918,45,2
9291,27360,43,2
9359,19756,45,3
9375,21295,38,3
9385,20249,36,3
9388,18427,40,3
9389,18433,41,3
9390,19056,40,3
9392,18270,40,3
9394,21301,42,3
9395,18271,34,3
9396,18274,39,3
9397,22996,39,3
9398,18361,40,3
9400,20553,41,3
9403,18824,40,3
9404,18826,42,3
9405,18283,33,3
9406,18284,35,3
9407,12345,40,3
9408,20274,42,3
9409,18352,42,3
9410,29000,45,3
9413,19620,49,3
9414,18434,46,3
9417,18308,47,3
9418,20193,49,3
9419,18312,46,3
9420,18322,37,3
9423,18324,45,3
9428,18331,35,3
9429,18376,44,3
9430,18333,45,3
9433,18337,46,3
9445,18364,34,3
9446,16538,34,3
9447,18365,34,3
9448,18366,33,3
9450,18367,33,3
9454,14749,32,3
9455,18371,33,3
9456,18372,35,3
9457,18373,35,3
9461,3258,37,3
9467,20311,47,3
9469,18382,48,3
9473,18386,49,3
9474,18387,49,3
9478,25598,50,3
9479,18392,50,3
9481,19309,49,3
9482,20269,47,3
9483,20786,49,3
9484,22426,50,3
9489,18408,31,2
9491,14765,32,3
9492,18415,37,3
9508,18428,31,3
9509,18429,30,3
9510,18431,32,3
9512,22988,46,3
9514,20424,10,2
9519,18444,36,2
9520,20574,41,2
9521,19307,41,2
9527,20300,46,2
9531,18497,46,2
9534,18498,47,3
9598,19011,10,2
9599,26948,10,2
9602,20069,10,2
9603,20432,10,2
9608,7494,31,2
9609,18991,31,2
9624,28195,37,3
9625,28317,37,3
9630,4440,45,2
9631,28339,45,2
9632,28283,45,2
9634,18998,46,2
9636,4446,45,2
9640,18573,48,3
9645,18906,49,2
9646,28172,49,2
9648,28097,48,2
9649,28294,55,3
9651,18578,53,3
9652,17150,53,3
9653,18579,50,2
9658,19913,43,2
9660,28299,43,2
9663,28315,45,2
9664,18584,45,2
9666,28300,50,2
9678,5233,43,2
9683,20289,51,3
9687,28328,33,2
9747,14711,14,2
9748,18883,15,2
9763,22687,14,2
9765,22688,15,2
9766,25947,22,2
9770,23106,20,2
9772,25942,27,2
9775,28177,19,2
9776,16981,20,2
9777,28427,19,2
9779,28433,18,2
9781,28431,22,2
9782,28430,23,2
9783,13011,20,2
9785,25776,17,2
9786,25978,16,2
9787,13484,19,2
9788,25775,18,2
9794,27752,25,2
9795,27753,26,2
9796,27754,27,2
9797,27755,28,2
9799,28477,26,2
9801,6760,25,2
9802,27761,26,2
9803,27760,26,2
9807,27759,27,2
9809,27758,28,2
9811,25772,24,2
9814,25771,24,2
9817,25774,26,2
9820,27861,31,2
9822,27858,29,2
9823,10508,31,2
9824,27855,32,2
9826,27856,34,2
9827,14936,30,2
9829,28482,29,2
9832,27766,31,2
9834,27764,32,2
9835,11580,33,2
9840,27777,31,2
9841,27770,32,2
9844,28424,38,2
9845,50497,35,2
9847,15236,33,2
9850,12980,36,2
9851,28419,37,2
9852,28425,38,2
9853,28421,34,2
9854,14068,38,2
9857,18930,34,2
9859,26550,36,2
9861,18929,35,2
9862,14635,37,2
9864,25980,36,2
9865,25786,34,2
9866,25787,38,2
9867,26251,33,2
9870,25991,36,2
9871,26249,37,2
9877,28065,38,2
9878,28067,41,2
9879,28057,39,2
9881,28068,41,2
9883,28061,42,2
9884,28074,43,2
9885,18904,40,2
9887,18903,43,2
9889,18921,40,2
9890,23023,38,2
9893,27807,42,2
9894,3169,41,2
9895,27787,40,2
9898,27794,38,2
9900,27791,40,2
9905,28411,48,2
9911,28416,46,2
9912,28409,45,2
9913,28417,48,2
9917,18937,44,2
9920,18936,44,2
9921,19010,45,2
9922,18935,46,2
9923,18939,45,2
9924,18934,48,2
9925,18938,44,2
9927,25931,42,2
9930,25933,43,2
9931,25928,43,2
9932,25937,44,2
9933,25934,45,2
9934,25935,44,2
9935,18819,45,2
9936,28010,49,2
9941,27796,49,2
9942,14613,50,2
9943,27800,53,2
9946,28972,53,2
9950,18943,53,2
9952,18946,49,2
9963,26200,48,2
9966,27348,45,2
9967,27351,43,2
9968,27352,42,2
9970,27354,44,2
9999,24354,41,2
10001,19141,42,2
10002,19061,42,2
10004,24951,43,2
10008,41463,43,2
10009,16764,43,2
10011,18889,44,2
10018,19111,45,2
10019,18999,45,3
10021,18949,45,3
10023,19055,45,2
10024,18860,46,2
10026,21154,46,2
10027,18865,46,2
10028,18866,47,2
10029,19113,47,2
10030,18872,48,2
10033,18879,48,2
10041,19000,50,3
10043,20209,31,2
10047,19009,15,2
10048,18914,24,2
10049,20472,25,2
10058,28151,50,2
10059,28124,50,2
10061,44716,51,2
10062,29002,51,2
10063,28123,51,2
10064,28140,53,2
10065,28165,55,2
10066,28155,49,2
10067,19019,49,2
10068,19013,51,2
10069,19014,49,2
10070,19012,55,2
10071,23060,49,2
10072,19017,51,2
10075,19020,51,2
10077,26327,53,2
10079,26331,48,2
10080,26328,50,2
10083,26330,51,2
10084,19720,52,2
10085,26329,52,2
10087,27364,46,2
10090,27366,46,2
10092,27371,47,2
10094,27368,45,2
10095,27600,56,2
10096,27601,54,2
10098,27607,53,2
10101,27598,58,2
10103,27614,54,2
10106,27718,56,2
10107,27719,54,2
10109,27717,54,2
10110,27726,55,2
10112,27731,58,2
10113,27733,57,2
10119,26297,57,2
10121,26293,56,2
10124,19708,57,2
10126,26289,54,2
10127,27426,49,2
10129,27428,50,2
10131,27425,50,2
10132,19759,51,2
10133,27430,52,2
10134,27431,51,2
10136,27630,60,2
10137,27633,61,2
10138,27631,59,2
10139,28852,62,2
10140,27639,61,2
10144,27647,60,2
10146,27741,61,2
10147,27740,60,2
10148,27743,58,2
10149,27745,61,2
10155,26129,61,2
10156,26122,60,2
10166,27411,54,2
10167,27405,55,2
10171,27406,54,2
10174,23136,52,2
10175,44717,55,2
10176,28083,54,2
10179,28080,54,2
10180,28079,52,2
10191,26155,51,2
10192,26160,53,2
10194,26173,50,2
10198,26172,53,2
10201,27400,48,2
10205,27398,49,2
10206,27399,48,2
10207,27404,49,2
10211,24291,59,2
10213,27870,58,2
10214,27868,59,2
10217,25198,61,2
10226,18985,61,2
10228,18983,60,2
10230,26267,60,2
10232,26269,58,2
10233,26270,57,2
10237,26273,58,2
10238,27380,52,2
10239,27385,51,2
10240,27384,55,2
10242,27381,52,2
10243,27382,51,2
10244,27383,54,2
10249,26126,61,2
10258,27850,60,2
10265,26239,62,2
10269,26245,62,2
10278,27418,55,2
10279,27423,58,2
10288,18976,31,2
10289,27862,32,2
10358,28156,36,2
10359,19917,36,2
10370,26353,57,2
10371,26354,58,2
10372,26365,59,2
10374,26364,59,2
10376,26333,60,2
10379,27749,61,2
10380,26334,60,2
10382,26336,62,2
10383,26337,61,2
10391,26360,60,2
10399,9123,24,3
10400,27947,18,2
10401,27946,18,2
10402,21903,18,2
10403,14389,22,3
10406,28173,32,2
10408,27774,32,2
10410,28385,23,3
10411,27949,23,3
10412,28384,21,3
10413,19125,19,3
10423,19201,31,2
10499,19397,35,2
10501,19402,44,2
10502,19409,43,2
10504,19563,49,3
10508,18298,41,2
10545,22420,42,2
10549,19951,12,2
10553,19919,11,2
10554,19918,11,2
10555,6478,1,1
10571,19501,37,3
10574,19903,40,3
10576,60692,50,2
10577,7397,41,2
10581,19506,40,3
10582,28654,36,3
10583,28808,39,3
10584,28685,36,3
10588,67049,47,2
10625,20315,49,3
10626,19617,50,3
10627,20259,47,3
10631,28800,46,3
10633,19900,51,3
10636,12415,5,1
10637,14152,15,2
10638,28209,15,2
10654,19949,31,2
10657,19991,26,2
10658,28238,25,2
10659,2516,57,2
10697,20570,60,2
10698,20275,60,2
10700,18832,45,2
10702,28273,43,2
10704,28267,46,2
10706,28336,47,2
10716,20625,41,2
10720,19662,42,2
10724,19665,45,2
10740,28310,53,2
10742,19710,51,2
10743,28143,51,2
10745,28330,50,2
10748,4385,41,2
10749,19728,54,3
10751,19920,54,3
10758,19779,42,3
10760,28683,39,3
10762,19953,44,3
10763,28783,44,3
10764,28710,44,3
10765,28688,43,3
10768,28684,42,3
10769,19785,41,3
10771,19910,41,3
10774,28744,42,3
10775,28694,42,3
10777,28595,42,3
10778,1399,60,2
10781,18470,55,2
10782,19930,55,2
10783,19995,52,3
10784,19793,52,3
10787,19796,52,3
10797,20030,53,3
10798,28640,51,3
10799,22242,51,3
10800,19806,52,3
10801,19912,52,3
10806,19810,55,3
10807,19812,55,3
10808,19813,55,3
10820,19932,15,2
10821,28298,15,2
10826,20293,48,2
10842,22427,54,3
10843,22995,54,3
10844,20258,54,3
10845,19893,54,3
10846,19898,54,3
11118,20769,47,3
11122,21115,50,2
11123,14590,55,3
11124,28196,55,3
11193,19002,57,2
11263,25077,40,3
11287,21096,15,2
11289,21098,31,2
11303,8104,16,2
11311,28731,46,3
11314,21462,1,0
11344,21256,0,0
11469,14601,46,2
11502,28217,46,2
11506,21144,1,0
11603,23270,51,3
11604,21580,59,3
11624,28788,52,3
11632,28725,52,3
11633,21898,54,3
11634,28741,54,3
11635,28779,54,3
11662,28642,54,3
11675,18979,55,3
11685,28704,55,3
11686,28763,55,3
11703,28686,55,3
11722,28721,55,3
11731,28666,57,3
11743,21714,55,3
11744,21715,56,3
11745,28740,56,3
11747,21719,53,3
11749,28722,53,3
11755,21725,56,3
11768,28785,57,3
11782,21771,57,3
11783,28696,57,3
11786,21775,56,3
11802,19843,58,3
11811,21804,55,3
11812,22997,58,3
11814,21805,58,3
11819,18725,59,3
11823,28728,59,3
11841,28720,55,3
11842,28792,55,3
11848,28170,5,1
11853,28241,18,2
11857,28345,46,2
11860,28108,46,2
11863,21855,52,2
11864,25632,52,2
11866,28219,55,3
11867,28332,53,2
11871,28253,54,2
11875,28305,54,2
11888,28342,50,2
11889,28304,50,2
11902,22227,56,2
11905,22753,56,2
11908,28063,55,2
11911,28198,55,2
11913,28132,55,2
11918,28186,55,2
11919,28136,55,2
11926,28712,57,3
11929,28736,57,3
11930,21965,60,3
11932,21968,59,3
11936,28242,20,2
11964,28203,55,2
11967,9835,23,2
11981,3666,20,2
11986,9849,39,2
11993,9836,22,2
12000,28207,55,2
12021,23483,54,2
12028,9857,32,2
12041,28429,54,2
12049,28244,53,2
12061,28086,60,2
12062,25611,60,2
12065,22037,60,2
12066,28251,58,2
12082,28176,58,2
12105,28234,56,3
12107,28182,60,2
12111,28202,58,2
12115,28224,56,2
12247,22247,32,2
12248,22248,34,2
12249,22249,31,2
12251,22252,37,2
12252,28699,39,2
12255,4765,46,2
12260,22258,39,2
12295,28204,15,2
12296,28248,17,2
12344,22415,61,3
12410,25856,56,2
12414,22951,60,2
12416,25740,52,2
12422,25749,60,2
12426,24513,59,2
12428,24509,53,2
12464,28680,53,3
12465,22989,53,3
12466,28190,53,3
12522,28077,15,2
12531,22721,51,3
12532,22722,56,3
12546,28637,54,3
12547,28797,56,3
12549,15501,52,3
12550,28824,53,3
12555,27829,55,3
12604,22833,60,3
12608,28693,58,3
12609,22843,61,3
12611,23486,60,2
12612,23491,61,2
12613,19730,62,2
12615,22860,62,2
12617,22869,63,2
12621,22885,59,3
12624,25754,54,3
12625,25827,58,3
12628,22892,57,3
12633,22901,60,3
12773,23234,55,2
12792,23267,58,2
12795,23271,60,3
12805,23727,46,2
12930,8232,60,3
12936,22752,63,3
12966,23552,63,3
12977,16642,20,3
12978,28448,20,3
12979,28661,21,3
12982,28452,21,3
12987,28648,22,3
12988,28375,22,3
12989,28758,22,3
12994,27778,23,3
12996,24646,23,3
12998,28651,25,3
12999,28370,25,3
13003,28794,56,3
13004,28631,58,3
13005,28951,28,3
13007,28616,58,3
13008,28646,52,3
13009,28700,51,3
13010,28438,26,3
13011,28372,27,3
13019,28772,32,3
13020,25602,39,3
13021,28801,47,3
13022,28766,55,3
13024,28671,29,3
13026,28776,45,3
13027,28689,53,3
13028,28681,61,3
13034,28708,41,3
13038,25607,40,3
13039,25608,48,3
13042,28678,41,3
13043,28675,49,3
13046,28677,50,3
13047,25626,58,3
13053,28717,60,3
13054,28764,40,3
13056,12562,56,3
13063,28697,34,3
13066,28351,51,3
13067,28355,54,3
13068,28362,42,3
13070,28353,58,3
13071,28354,45,3
13073,28360,52,3
13074,21961,46,3
13076,28357,48,3
13077,28364,57,3
13079,28742,30,3
13081,18790,38,3
13084,6497,35,3
13092,23607,63,3
13099,28617,29,3
13100,28645,44,3
13101,28597,59,3
13102,28974,47,3
13103,28612,38,3
13105,28657,37,3
13106,28656,31,3
13107,28619,62,3
13108,28614,34,3
13109,28609,49,3
13110,28368,36,3
13112,28601,48,3
13114,17031,30,3
13115,28745,45,3
13117,28802,42,3
13118,28369,57,3
13119,28735,39,3
13120,28373,55,3
13121,28602,38,3
13125,28439,50,3
13127,28440,32,3
13129,28437,39,3
13130,28447,56,3
13131,28444,29,3
13132,28443,43,3
13134,28435,49,3
13144,28649,53,3
13146,28743,58,3
13161,23673,61,3
13164,6006,61,3
13166,23704,60,3
13168,23559,60,3
13171,24060,61,2
13175,25603,60,2
13181,23732,57,3
13199,28436,41,3
13203,23747,60,3
13209,23763,61,3
13216,23777,61,2
13244,23827,60,3
13249,23837,62,3
13253,23846,60,3
13259,23856,61,3
13282,18905,59,3
13283,23435,59,3
13284,23901,58,3
13372,24063,60,3
13373,1225,60,3
13379,2618,58,3
13381,24068,61,3
13390,24292,61,3
13394,24102,59,3
13397,24108,61,3
13399,24109,59,3
13400,24110,59,3
13402,33114,59,3
13404,41843,57,3
13473,23715,54,2
13525,24177,62,2
13526,24178,62,2
13530,24181,61,2
13533,24185,61,2
13534,24186,60,3
13538,24193,60,2
13544,24220,60,2
13793,24557,1,1
13811,6502,60,2
13812,24569,58,2
13858,24601,52,2
13863,25231,55,2
13864,25233,56,2
13867,25236,61,2
13868,24612,51,2
13870,24616,53,2
13936,25659,62,3
13952,28782,62,3
13962,30391,60,3
13983,24816,62,3
14025,25881,17,2
14042,24893,52,2
14043,24896,54,2
14045,24895,56,2
14090,7533,11,2
14091,25869,11,2
14096,25880,16,2
14097,25876,14,2
14100,15820,54,2
14103,24928,55,2
14104,24927,58,2
14106,24932,61,2
14109,25877,16,2
14113,25858,15,2
14114,25857,16,2
14117,14542,16,2
14119,11421,17,2
14120,16531,20,2
14123,25916,17,2
14130,24942,61,2
14131,25915,19,2
14132,24943,55,2
14133,25952,24,2
14136,25834,57,3
14138,25228,60,3
14141,25571,55,2
14142,24977,54,2
14147,24982,18,3
14148,24983,18,3
14149,24985,18,3
14150,24988,18,3
14151,24990,18,3
14159,25893,22,2
14161,23101,18,2
14162,11144,23,2
14165,25890,25,2
14166,28050,19,2
14172,28098,23,2
14173,28051,20,2
14176,9184,26,2
14177,25970,26,2
14178,26302,31,2
14180,26023,30,2
14181,25971,28,2
14183,25974,30,2
14186,25986,29,2
14191,25987,30,2
14194,28730,28,2
14195,14645,29,2
14196,26008,32,2
14199,26007,33,2
14200,15293,35,2
14203,16719,35,2
14204,26011,36,2
14205,26005,32,2
14208,26308,36,2
14209,26022,33,2
14210,26015,32,2
14211,26020,34,2
14213,26017,37,2
14222,26050,37,2
14223,26054,38,2
14225,26053,41,2
14228,26059,41,2
14229,26057,36,2
14230,26063,42,2
14233,26061,40,2
14235,26058,37,2
14236,26066,38,2
14243,26104,43,2
14245,24624,41,2
14250,26117,42,2
14251,26112,40,2
14252,18992,45,2
14253,26113,43,2
14254,26119,47,2
14261,26189,43,2
14262,26193,45,2
14263,41844,48,2
14264,26196,48,2
14265,26198,51,2
14266,26195,47,2
14269,26145,47,2
14274,26144,51,2
14275,26142,52,2
14276,26138,47,2
14277,26311,52,2
14278,27928,50,2
14281,26128,53,2
14282,26132,50,2
14283,26124,54,2
14284,26131,56,2
14285,26134,50,2
14286,26136,50,2
14289,25098,51,2
14290,26206,51,2
14292,26215,49,2
14293,26214,55,2
14294,26208,51,2
14295,26212,55,2
14299,26268,54,2
14300,26271,52,2
14302,26275,56,2
14304,26280,55,2
14309,26252,56,2
14311,26253,55,2
14314,26258,58,2
14315,26260,59,2
14318,26288,63,2
14320,26287,57,2
14321,26299,55,2
14322,26292,62,2
14323,26290,60,2
14325,26298,61,2
14327,26284,58,2
14329,26225,62,2
14335,26229,63,2
14337,26221,61,2
14365,25884,15,2
14367,25885,19,2
14370,10079,19,2
14373,25957,25,2
14375,25959,25,2
14376,25958,22,2
14377,25961,26,2
14378,25965,27,2
14380,25956,28,2
14389,17271,1,3
14397,27872,32,2
14398,26003,33,2
14401,25996,33,2
14402,25994,29,2
14403,25999,31,2
14404,12973,33,2
14406,25998,30,2
14407,26028,39,2
14409,26027,33,2
14411,26029,35,2
14412,26035,36,2
14413,26038,39,2
14414,26024,34,2
14419,26079,38,2
14420,26080,38,2
14421,26093,42,2
14422,26081,40,2
14423,26096,40,2
14424,26083,42,2
14426,16781,39,2
14429,26151,43,2
14430,26175,42,2
14431,26154,44,2
14434,26174,49,2
14435,26149,43,2
14447,26171,53,2
14451,18423,53,2
14453,26157,59,2
14454,26169,53,2
14457,26235,58,2
14458,26231,60,2
14459,26233,57,2
14461,26236,62,2
14463,26247,62,2
14464,27228,64,2
14465,26230,60,2
14537,25160,62,3
14543,28703,62,3
14551,28280,49,4
14559,27520,18,2
14560,27524,19,2
14562,27518,23,2
14563,27525,17,2
14564,27519,19,2
14566,27523,25,2
14570,27669,28,2
14571,27673,21,2
14572,27672,24,2
14574,27670,26,2
14577,28715,61,3
14580,27964,27,2
14581,27962,33,2
14582,27584,28,2
14583,27966,32,2
14584,27968,35,2
14588,27976,36,2
14589,9169,37,2
14593,27980,35,2
14594,27977,37,2
14595,27975,38,2
14596,27978,38,2
14600,27985,40,2
14605,27984,43,2
14611,25222,61,3
14615,25221,61,3
14620,25225,61,3
14622,25224,61,3
14633,25247,61,3
14637,25249,61,3
14652,27579,45,2
14653,18944,46,2
14654,27582,44,2
14657,27577,46,2
14658,27581,49,2
14659,27578,47,2
14661,27566,49,2
14662,27568,51,2
14663,27565,48,2
14664,27564,54,2
14665,27573,48,2
14666,27567,51,2
14667,27572,53,2
14668,27570,52,2
14673,27653,52,2
14676,21299,58,2
14678,27652,57,2
14722,26983,17,2
14723,26982,17,2
14725,26987,17,2
14726,26985,18,2
14727,26986,19,2
14730,26984,23,2
14742,27009,24,2
14743,27007,22,2
14744,27010,28,2
14746,27008,22,2
14749,27014,26,2
14752,27033,27,2
14753,27191,33,2
14754,27027,29,2
14756,27035,29,2
14757,27028,32,2
14758,27030,31,2
14759,27048,34,2
14764,27053,35,2
14765,27052,38,2
14766,27050,37,2
14768,27092,44,2
14769,27093,42,2
14773,27094,39,2
14775,27097,43,2
14776,27096,43,2
14779,27147,49,2
14781,27152,44,2
14783,27146,46,2
14784,27149,46,2
14785,27151,48,2
14786,27150,47,2
14787,16079,47,2
14791,27161,48,2
14796,27157,53,2
14798,27194,59,2
14802,27196,55,2
14805,27195,57,2
14806,23490,57,2
14813,27143,57,2
14817,27142,62,2
14826,26812,41,2
14828,26813,42,2
14835,26687,48,2
14838,26686,43,2
14844,26820,54,2
14846,27190,50,2
14847,26819,49,2
14849,27186,53,2
14850,26824,52,2
14851,26825,51,2
14854,26846,59,2
14855,26847,55,2
14856,26848,54,2
14860,27876,56,2
14861,19760,52,2
14863,26881,60,2
14864,26879,59,2
14865,26883,60,2
14866,27180,62,2
14867,26884,62,2
14868,26885,61,2
14903,26646,40,2
14904,27899,50,2
14905,27901,45,2
14907,27906,48,2
14921,26797,49,2
14923,26869,50,2
14924,26871,57,2
14925,28015,57,2
14926,26872,53,2
14927,26870,52,2
14928,26873,55,2
14929,26875,54,2
14933,27934,58,2
14934,27935,57,2
14936,27938,61,2
14937,27940,59,2
14939,26636,46,2
14940,26643,43,2
14944,27512,45,2
14945,26641,45,2
14946,26645,43,2
14948,26838,51,2
14949,28996,47,2
14950,26836,46,2
14953,26840,49,2
14955,26843,47,2
14957,26833,51,2
14958,26827,56,2
14959,26830,52,2
14961,27835,55,2
14962,26831,54,2
14965,26829,49,2
14967,27833,56,2
14968,26856,55,2
14971,26864,57,2
14972,26862,56,2
14976,26888,61,2
14978,27832,63,2
14980,26891,63,2
14983,26887,59,2
15009,28008,11,2
15010,9536,11,2
15011,27668,15,2
15012,14276,16,2
15016,27990,16,2
15017,27991,19,2
15019,27667,21,1
15046,25673,54,3
15049,25677,59,3
15052,27944,60,3
15054,25683,54,2
15057,25686,55,3
15058,25687,59,3
15059,25688,60,3
15060,25694,57,3
15063,26072,58,3
15066,25699,58,3
15069,25701,57,2
15070,25702,59,2
15072,25705,56,2
15073,25709,55,2
15077,25720,51,2
15078,25718,55,2
15079,25714,57,2
15080,28976,59,2
15083,25724,52,2
15084,25726,53,2
15093,25737,56,2
15094,25739,58,2
15095,25732,60,2
15104,28432,39,3
15105,28231,40,2
15106,28236,40,2
15110,27880,20,2
15111,1981,21,2
15112,27879,20,2
15118,27877,26,2
15120,27887,26,2
15121,1966,28,2
15124,27693,25,2
15126,27884,29,2
15127,6775,30,2
15128,27882,31,2
15129,27886,31,2
15130,9548,34,2
15132,27706,29,2
15134,27711,37,2
15135,28563,30,2
15136,27708,31,2
15137,27715,33,2
15138,25921,60,3
15139,27712,33,2
15140,27713,34,2
15143,3652,33,2
15144,27689,37,2
15147,27686,33,2
15150,27688,36,2
15153,23048,37,2
15154,27724,38,2
15156,27734,43,2
15157,27723,41,2
15158,27732,40,2
15159,27728,42,2
15163,27922,43,2
15164,27914,47,2
15165,22253,42,2
15166,27921,45,2
15169,27920,44,2
15171,11832,50,2
15177,27592,49,2
15178,27590,47,2
15180,27560,53,2
15181,27562,55,2
15182,28584,51,2
15184,27661,54,2
15188,27632,57,2
15189,27634,60,2
15193,28022,62,2
15194,28019,61,2
15200,30797,35,3
15205,28229,20,2
15210,28544,16,2
15213,28570,36,2
15214,28561,40,2
15215,28528,45,2
15216,28530,51,2
15217,28458,54,2
15225,28521,33,2
15226,28531,37,2
15227,28508,49,2
15228,28512,53,2
15233,28525,39,2
15235,28341,48,2
15236,28566,52,2
15242,28568,30,2
15243,28348,36,2
15247,28327,64,2
15249,20080,26,2
15251,28546,43,2
15254,28347,54,2
15260,28468,38,2
15261,28524,40,2
15262,28540,46,2
15264,28311,56,2
15265,28499,58,2
15274,22144,52,2
15275,28467,54,2
15276,28580,58,2
15278,28502,60,2
15279,28569,51,2
15282,28518,60,2
15285,28308,32,2
15294,28515,53,2
15295,28547,55,2
15298,28017,13,2
15303,28014,14,2
15304,12369,16,2
15305,28039,18,2
15309,28042,15,2
15311,11382,22,2
15312,14522,20,2
15329,27998,24,2
15330,27999,25,2
15333,28006,22,2
15337,27683,29,2
15338,28002,28,2
15339,27680,34,2
15340,27679,27,2
15344,27681,31,2
15345,27682,31,2
15347,27674,28,2
15348,27675,26,2
15349,11953,33,2
15350,27702,34,2
15351,27699,30,2
15353,29134,38,2
15354,27700,32,2
15355,27701,34,2
15357,27703,35,2
15359,27956,41,2
15360,27954,38,2
15361,27958,37,2
15362,27957,39,2
15363,27959,42,2
15365,27955,38,2
15370,27969,44,2
15371,27974,41,2
15372,27970,43,2
15375,19008,43,2
15376,27971,46,2
15385,27555,49,2
15386,27553,48,2
15389,13343,53,2
15391,27660,56,2
15392,27658,49,2
15394,32816,54,2
15396,26602,14,2
15399,28149,14,2
15403,28243,18,2
15405,9529,17,2
15406,28138,17,2
15425,28033,55,2
15428,28030,56,2
15429,28034,58,2
15436,27608,60,2
15438,29013,63,2
15443,28199,18,2
15452,28168,18,2
15453,28247,18,2
15455,28323,37,2
15456,17155,37,2
15457,26012,28,2
15458,28192,28,2
15459,28275,28,2
15461,26086,25,2
15462,28286,25,2
15464,28096,28,2
15465,28216,28,2
15468,28303,29,2
15470,28290,29,2
15471,28266,29,2
15477,26941,11,2
15479,26936,11,2
15485,26955,14,2
15486,26959,12,2
15488,27004,21,2
15489,27001,16,2
15491,27000,15,2
15492,27029,15,2
15493,26998,18,2
15495,27005,15,2
15499,26993,18,2
15500,26990,24,2
15501,26991,17,2
15506,26970,21,2
15507,26971,19,2
15508,26977,19,2
15509,26973,21,2
15510,26969,20,2
15511,26974,24,2
15513,26975,25,2
15514,26972,26,2
15516,26964,27,2
15517,24793,25,2
15520,26963,26,2
15521,26968,27,2
15523,26965,27,2
15525,27540,28,2
15528,27079,26,2
15531,27080,30,2
15532,27074,26,2
15533,27083,31,2
15536,27039,34,2
15539,27045,30,2
15540,27042,34,2
15541,27043,33,2
15542,27044,32,2
15546,27018,36,2
15551,27020,35,2
15553,27023,34,2
15554,27068,33,2
15556,27066,32,2
15558,27073,37,2
15559,27072,31,2
15561,27070,36,2
15565,27059,38,2
15566,27058,35,2
15570,27060,36,2
15571,27057,35,2
15573,27061,38,2
15575,27110,36,2
15576,27115,39,2
15577,27111,36,2
15590,27895,37,2
15593,27898,42,2
15594,27108,37,2
15595,27892,39,2
15596,27890,41,2
15597,27893,42,2
15598,27894,38,2
15599,27120,44,2
15601,27118,46,2
15602,27124,45,2
15606,27117,41,2
15607,27121,44,2
15612,27326,44,2
15613,27323,42,2
15615,26098,46,2
15616,27327,46,2
15617,26091,45,2
15620,27128,47,2
15622,27129,51,2
15623,28977,50,2
15625,31382,47,2
15627,27133,50,2
15628,27134,48,2
15632,27220,46,2
15633,27222,52,2
15639,27170,50,2
15642,27173,52,2
15643,27176,49,2
15644,29006,52,2
15645,27178,55,2
15647,27177,53,2
15649,27286,51,2
15651,27293,56,2
15654,27285,54,2
15660,27297,61,2
15661,27304,54,2
15664,27306,60,2
15666,27302,59,2
15673,27313,58,2
15674,27318,60,2
15676,27319,61,2
15679,27307,61,2
15681,26259,58,2
15683,27310,60,2
15689,26391,35,2
15692,26412,38,2
15694,27288,54,2
15705,26432,57,2
15706,26433,57,2
15707,26435,58,2
15709,26437,58,2
15783,26464,60,2
15784,26465,59,2
15795,26473,58,2
15810,26500,25,1
15812,26501,56,2
15814,26503,60,2
15824,26513,59,2
15825,26514,59,2
15827,26515,59,2
15859,26541,59,2
15860,26542,60,2
15863,5205,54,2
15864,3658,39,2
15865,26548,39,2
15867,26551,60,2
15903,26593,25,1
15905,26592,15,1
15907,26594,25,1
15999,26614,54,2
16065,28734,35,2
16066,14895,35,2
16126,28730,35,2
16127,16604,35,2
16142,25861,35,2
16369,31063,63,3
16410,30321,63,3
16428,31246,63,3
16430,31083,63,3
16435,31084,63,3
16436,31085,63,3
16491,31102,63,3
16502,27267,63,3
16513,27274,63,3
16514,30071,63,3
16516,31049,63,3
16518,31183,63,3
16520,27280,60,3
16604,27472,5,2
16605,27473,5,2
16606,27477,5,2
16607,27479,5,2
16659,28270,27,2
16661,27521,27,2
16675,31408,59,3
16677,31410,62,3
16678,31403,61,3
16680,31404,58,3
16681,31405,57,3
16691,30430,59,3
16696,30425,58,3
16710,24190,57,3
16714,29977,57,3
16715,29981,59,3
16722,29968,57,3
16723,29966,58,3
16724,29970,59,3
16728,29972,61,3
16729,29971,60,3
16735,29961,57,3
16736,29959,58,3
16791,26168,38,2
16793,28454,38,2
16827,31339,66,4
16833,31797,66,4
16841,31832,66,4
16867,31023,66,4
16873,28522,38,2
16894,28610,21,2
16975,28746,27,3
16977,28749,27,3
16978,28750,27,3
16985,26026,25,2
16995,28823,60,2
17002,28834,61,2
17003,28835,61,2
17004,28836,61,2
17005,28837,27,2
17013,28843,60,4
17039,28869,36,2
17043,28871,36,2
17044,23716,61,3
17047,12473,30,2
17050,28990,52,3
17061,28891,58,3
17076,32199,77,4
17191,57734,53,3
17523,29630,58,2
17686,20555,43,2
17687,8095,43,2
17690,31475,60,2
17691,31480,60,2
17692,4284,23,2
17695,16572,26,2
17707,29842,54,3
17711,29880,54,3
17717,4427,53,3
17719,29897,53,3
17721,29898,38,2
17728,30172,53,3
17732,29908,53,3
17734,29911,53,3
17739,29916,52,3
17740,29941,52,3
17741,29918,51,3
17742,29919,51,3
17744,29922,51,3
17745,29924,51,3
17746,29925,51,3
17748,29927,51,3
17749,29928,51,3
17750,29929,51,3
17751,29930,51,3
17752,29931,50,3
17754,29934,50,3
17766,29939,54,3
17769,29944,47,2
17776,29952,47,2
17778,29954,47,2
17779,29955,47,2
17901,31481,60,2
17902,31482,60,3
17906,31476,60,2
17922,30171,10,2
18023,4006,59,3
18083,30474,47,3
18295,30639,55,3
18296,30643,56,3
18298,30654,56,3
18306,30669,58,2
18307,30667,58,2
18312,30675,59,3
18313,41372,58,3
18319,30680,58,3
18320,30681,45,3
18325,30685,58,3
18326,30686,59,3
18337,30693,59,2
18339,30703,59,2
18340,30696,59,3
18341,30697,45,3
18346,30698,60,2
18349,30702,61,2
18353,30711,61,2
18354,1399,60,3
18366,30721,60,3
18377,30729,62,3
18379,30736,62,3
18381,30738,62,3
18385,30744,62,3
18386,21964,61,3
18387,13656,60,3
18410,30778,57,2
18411,31732,57,2
18435,30801,50,3
18438,23521,40,3
18442,30799,35,3
18449,31248,50,3
18455,30805,50,3
18457,30806,50,3
18462,30813,60,2
18465,29712,62,3
18475,15399,60,2
18476,30817,60,2
18479,30820,60,2
18480,30821,60,2
18495,30831,63,3
18497,30833,60,3
18502,30836,62,3
18521,30854,63,3
18522,23897,63,3
18526,30860,63,3
18527,30862,63,3
18528,30864,61,3
18529,30865,61,3
18537,21072,63,3
18634,31199,52,3
18637,31204,55,2
18638,31198,58,3
18677,15148,61,2
18697,31139,55,3
18701,28733,59,3
18702,31143,60,3
18710,31159,50,3
18712,31161,50,3
18722,31173,62,3
18725,31174,59,3
18727,31177,59,3
18738,31239,61,3
18739,31191,61,3
18741,31193,61,3
18743,15163,59,3
18744,31196,58,3
18745,2311,57,3
18761,31677,62,3
18764,31225,52,2
18765,31226,52,2
18807,37667,62,3
18874,31765,78,4
18948,31385,32,3
18951,31387,50,2
18957,31400,10,2
19024,31499,55,3
19040,31526,48,2
19041,31529,48,2
19042,31531,48,2
19043,31532,58,3
19047,31534,58,3
19051,31565,58,3
19087,31598,60,3
19088,31599,60,3
19089,30839,60,3
19091,31597,60,3
19093,31601,60,3
19094,31602,60,3
19106,31613,63,3
19107,32146,63,3
19110,31617,63,3
19116,31625,50,2
19117,31626,50,2
19118,31628,50,2
19120,31631,51,2
19121,31632,51,3
19123,31634,48,2
19124,31635,48,2
19126,31638,49,2
19128,31641,50,2
19129,31644,49,2
19141,7418,50,2
19159,31633,51,3
19361,32763,77,4
19507,32034,41,3
19508,32036,41,3
19509,32038,41,3
19527,32069,53,3
19528,32070,43,3
19531,32068,53,3
19532,32071,43,3
19574,32713,60,2
19575,32714,60,3
19577,32716,65,4
19689,32160,65,3
19742,32192,60,3
19743,32193,38,2
19808,32262,45,2
19826,32264,61,4
19839,32286,61,4
19870,32320,71,3
19923,32395,68,3
19982,32503,52,3
19986,21701,52,3
19991,1504,52,3
19992,13806,52,3
20006,32678,52,3
20037,18707,52,3
20090,34392,33,3
20092,34242,43,3
20093,34393,33,3
20096,34240,33,3
20099,34244,33,3
20102,34248,33,3
20105,34244,33,3
20114,34247,33,3
20126,34394,33,3
20213,32718,70,3
20216,32720,70,3
20217,32724,70,3
20218,32726,59,3
20219,32727,59,3
20265,32758,68,3
20296,32762,54,3
20369,32890,52,3
20406,33129,60,2
20426,30661,23,3
20428,32072,23,3
20430,32076,23,3
20438,32081,23,3
20441,32074,23,3
20442,32008,23,3
20443,32075,23,3
20478,32872,62,3
20502,32888,52,3
20504,33033,52,3
20505,31905,52,3
20512,24730,52,3
20521,32906,52,3
20524,32910,52,3
20525,32912,52,3
20530,33150,52,3
20534,30690,52,3
20538,32927,63,3
20539,38344,63,3
20550,32945,63,3
20575,32974,20,2
20640,34495,45,2
20641,18863,45,2
20642,33062,47,2
20643,35629,47,2
20647,33069,59,3
20650,33092,60,2
20652,33098,60,2
20654,18368,60,3
20655,33101,60,2
20657,33107,60,3
20658,33112,60,2
20659,33110,60,2
20661,33132,60,2
20665,33119,62,3
20668,33122,62,3
20674,33127,62,3
20698,33145,63,4
20701,33147,63,3
20703,33148,63,3
20724,33172,62,2
20821,24087,20,2
20832,43894,31,3
20906,9823,15,2
20909,33262,30,2
20916,33266,5,1
20917,33269,5,1
20923,33276,5,1
20950,33288,31,2
20956,33287,34,2
20961,28831,38,2
20996,33324,5,1
20998,33326,5,1
21000,33328,5,1
21119,6502,33,3
21184,33528,62,4
21278,4318,55,3
21312,33591,48,2
21320,33601,58,2
21322,33603,58,2
21331,33709,88,4
21334,34061,88,4
21389,33705,88,4
21468,33841,74,3
21473,33973,74,3
21483,33864,73,3
21484,33901,73,3
21488,33849,73,3
21501,33897,71,3
21524,33998,1,2
21525,33999,1,2
21568,7248,25,3
21582,34176,88,4
21598,34191,81,4
21599,34193,81,4
21607,34203,81,4
21611,34207,81,4
21748,39914,40,2
21753,31576,50,3
21756,39920,40,2
21760,39916,45,2
21763,39917,47,2
21764,31604,47,2
21769,39918,52,2
21774,43893,55,3
21779,31908,62,3
21792,39214,61,3
21859,38942,106,3
21862,38941,114,3
21866,42714,112,3
21933,34491,22,2
21934,9854,20,2
22003,34684,60,4
22005,34700,60,4
22009,34689,60,4
22061,34648,60,4
22062,34599,65,3
22066,34600,60,4
22076,34626,60,4
22078,34628,65,3
22205,34550,57,3
22210,34557,1,0
22212,34558,56,3
22223,34564,55,3
22234,34579,53,3
22241,34590,57,3
22245,34595,56,3
22254,34636,57,3
22256,30774,57,3
22257,31655,57,3
22271,34710,57,3
22272,34714,52,3
22274,34717,52,3
22301,34799,63,3
22303,34788,62,3
22305,34791,61,3
22311,34792,61,3
22335,34891,63,3
22394,34894,62,3
22397,34955,57,3
22398,34954,62,3
22405,34897,61,3
22409,34900,63,3
22411,34902,63,3
22417,35051,88,4
22420,35067,86,4
22428,36972,88,4
22430,35613,86,4
22477,35065,88,4
22479,35064,86,4
22482,36349,88,4
22490,35162,88,4
22655,35283,80,4
22661,35290,80,4
22802,35819,89,4
22812,35253,89,4
22821,35263,92,4
22936,35310,83,4
22961,35367,83,4
22984,35390,21,3
22986,12718,15,2
22987,36996,15,2
22991,35380,15,2
22992,35381,15,2
22993,35399,15,2
22995,35392,21,3
22998,35395,20,2
23059,35472,92,4
23069,36370,85,4
23082,35542,63,3
23124,35563,60,3
23170,18339,35,3
23178,22994,41,3
23206,35649,90,4
23221,35643,83,4
23316,36042,71,3
23363,35991,90,4
23368,8308,5,1
23423,35962,10,2
23430,5145,10,2
23431,35961,10,2
23433,35974,15,2
23434,35975,15,2
23484,38319,90,2
23487,39451,96,2
23497,39450,93,2
23499,39449,99,2
23506,38684,103,3
23507,36206,106,3
23508,38685,103,3
23510,38687,113,3
23511,38689,113,3
23515,42877,112,3
23525,38702,115,3
23526,38703,115,3
23536,44877,105,4
23714,34282,20,4
23761,40545,89,3
23825,36539,109,3
23931,36676,5,2
24021,43142,85,3
24024,43187,85,3
24046,43160,85,3
24064,43135,85,3
24078,39128,83,2
24079,39121,112,3
24082,39120,113,3
24087,39125,109,3
24088,39127,101,3
24091,43136,85,3
24096,38544,85,3
24103,36767,8,1
24107,36997,10,2
24111,36771,10,2
24113,28013,10,2
24118,9847,32,2
24137,36780,86,3
24138,11247,12,2
24150,38813,85,3
24222,30724,57,3
24227,36906,5,1
24250,38922,112,3
24253,38973,112,3
24256,38974,105,4
24259,38976,105,4
24342,28633,13,2
24346,37046,18,2
24347,37047,18,2
24348,37048,18,2
24349,23608,20,2
24351,37049,20,2
24352,37050,20,2
24354,37054,20,2
24359,42315,91,3
24360,43153,91,3
24361,43733,91,3
24364,43144,91,3
24365,43170,91,3
24366,43156,91,3
24376,39055,91,3
24379,38548,91,3
24381,39059,91,3
24384,38827,88,3
24386,36578,88,3
24387,43134,88,3
24388,43159,88,3
24390,38837,88,3
24392,43188,88,3
24393,40042,88,3
24394,40900,88,3
24395,43189,88,3
24397,43183,88,3
24398,43169,88,3
24413,43198,94,3
24436,37197,7,1
24438,37199,11,2
24440,37200,11,2
24450,43190,94,3
24451,43152,94,3
24452,43176,94,3
24454,39075,94,3
24455,43177,94,3
24457,43199,94,3
24458,43143,94,3
24460,38555,94,3
24461,43200,94,3
24465,43154,94,3
24481,43191,94,3
24575,37970,81,2
24582,39623,81,2
24590,40700,84,2
24592,40702,84,2
24593,40703,84,2
24596,40701,84,2
24597,38064,87,2
24598,40706,87,2
24600,40704,87,2
24601,19990,87,2
24604,40709,87,2
24608,38441,90,2
24611,9999,90,2
24612,16790,90,2
24613,38736,93,2
24614,38737,93,2
24617,44718,93,2
24618,38739,93,2
24619,38741,93,2
24622,39008,96,2
24627,39011,96,2
24633,39091,99,2
24635,39094,99,2
24638,39334,102,2
24640,39335,102,2
24643,39338,102,2
24645,39395,105,2
24647,39976,105,2
24648,39398,105,2
24650,39399,105,2
24652,39397,105,2
24656,14404,108,2
24658,39507,108,2
24659,39510,108,2
24663,39781,111,2
24666,39780,111,2
24667,39782,111,2
24671,39885,114,2
24679,39977,117,2
24681,44265,117,2
24693,40154,81,2
24695,40718,81,2
24697,41852,81,2
24703,40727,84,2
24711,38352,87,2
24714,38356,87,2
24715,38355,87,2
24716,38350,87,2
24717,38415,90,2
24718,38416,90,2
24726,38657,93,2
24727,38663,93,2
24728,38661,93,2
24732,38654,93,2
24734,38857,96,2
24735,38856,96,2
24738,38860,96,2
24741,39096,99,2
24745,39098,99,2
24749,39319,102,2
24754,39321,102,2
24760,14583,105,2
24763,39470,105,2
24766,39496,108,2
24778,39738,111,2
24787,39898,114,2
24788,39900,114,2
24807,40734,81,2
24808,40731,81,2
24809,40732,81,2
24810,40733,81,2
24813,40730,81,2
24814,40745,84,2
24815,40741,84,2
24817,40740,84,2
24820,40744,84,2
24821,40738,84,2
24823,42107,87,2
24825,42106,87,2
24827,42108,87,2
24830,49703,90,2
24831,38627,90,2
24834,38628,90,2
24835,38629,90,2
24836,38630,90,2
24840,16725,93,2
24841,38844,93,2
24844,38848,93,2
24846,38873,96,2
24847,38868,96,2
24849,38867,96,2
24855,40252,99,2
24857,40254,99,2
24860,40257,99,2
24865,39306,102,2
24867,39307,102,2
24880,39514,108,2
24886,39786,111,2
24887,39789,111,2
24888,39788,111,2
24892,39794,111,2
24896,39979,114,2
24898,39986,114,2
24899,39982,114,2
24901,39988,114,2
24902,39809,117,2
24903,39812,117,2
24904,39810,117,2
24905,39814,117,2
24906,42461,117,2
24911,40183,120,2
24914,42462,120,2
24915,39171,120,2
24919,40758,81,2
24921,40747,81,2
24922,42214,81,2
24923,40756,81,2
24924,40757,81,2
24925,40759,81,2
24926,40761,84,2
24927,40765,84,2
24930,44883,84,2
24931,40764,84,2
24933,40766,84,2
24936,40769,87,2
24937,40770,87,2
24939,40772,87,2
24940,40773,87,2
24942,38357,90,2
24946,45182,90,2
24947,38362,90,2
24948,40303,90,2
24949,38358,90,2
24951,49767,93,2
24952,49764,93,2
24953,49765,93,2
24955,49766,93,2
24958,44274,96,2
24959,44277,96,2
24960,44273,96,2
24961,44275,96,2
24962,44278,96,2
24965,44272,96,2
24966,39803,99,2
24967,39805,99,2
24968,39800,99,2
24969,39804,99,2
24970,42215,99,2
24971,39807,99,2
24972,39802,99,2
24973,39801,99,2
24974,44280,102,2
24976,39377,102,2
24978,39386,102,2
24979,39385,102,2
24982,39410,105,2
24983,39414,105,2
24990,39612,108,2
24995,39617,108,2
24996,39620,108,2
24999,39646,111,2
25000,39641,111,2
25001,39644,111,2
25003,39647,111,2
25004,39651,111,2
25005,39648,111,2
25008,39865,114,2
25009,39866,114,2
25010,39873,114,2
25011,39870,114,2
25012,39867,114,2
25013,39871,114,2
25014,44334,117,2
25015,44340,117,2
25016,40688,117,2
25018,48246,117,2
25020,44335,117,2
25021,39170,117,2
25022,44346,120,2
25026,42390,120,2
25027,44347,120,2
25030,40775,81,2
25031,40776,84,2
25032,40777,87,2
25033,38589,90,2
25034,38665,93,2
25037,39391,102,2
25060,38348,87,2
25062,38809,93,2
25063,39000,96,2
25064,39023,99,2
25065,39390,102,2
25069,39877,114,2
25105,38853,96,2
25106,39029,99,2
25111,39892,114,2
25112,40182,117,2
25116,40791,87,2
25117,38418,90,2
25124,39750,111,2
25136,39408,105,2
25137,39527,108,2
25138,39633,111,2
25140,40824,117,2
25141,41952,120,2
25142,40794,81,2
25148,39025,99,2
25152,39752,111,2
25153,39890,114,2
25154,41950,117,2
25155,40686,120,2
25157,44329,84,2
25161,38864,96,2
25163,39329,102,2
25165,39491,108,2
25169,44330,120,2
25170,40799,81,2
25171,39172,84,2
25172,38347,87,2
25174,38713,93,2
25176,39105,99,2
25179,5111,108,2
25181,39987,114,2
25186,40803,87,2
25202,38723,93,2
25203,38997,96,2
25207,39608,108,2
25214,40296,87,2
25222,39749,111,2
25224,40938,117,2
25227,40808,84,2
25230,38742,93,2
25237,39894,114,2
25238,40401,117,2
25246,39040,99,2
25255,42482,84,2
25262,39434,105,2
25264,39773,111,2
25265,39864,114,2
25283,40816,84,2
25286,40146,93,2
25287,40139,96,2
25299,38601,90,2
25305,39530,108,2
25306,39769,111,2
25309,40158,120,2
25311,39427,84,2
25312,38346,87,2
25319,39611,108,2
25321,39875,114,2
25326,38345,87,2
25328,38666,93,2
25332,39429,105,2
25337,44331,120,2
25438,6539,18,2
25464,37410,27,3
25480,37437,93,2
25481,37444,93,2
25484,39682,93,2
25485,39681,93,2
25486,37433,93,2
25488,37430,93,2
25489,37429,93,2
25503,37446,90,2
25504,37447,90,2
25507,37449,93,2
25510,37451,93,2
25512,37454,93,2
25513,41854,93,2
25516,37459,87,2
25518,37460,93,2
25524,37473,93,2
25525,37474,96,2
25530,44327,96,2
25540,40130,94,3
25557,37491,102,2
25558,37492,102,2
25567,37500,105,2
25574,23711,105,2
25580,37508,105,2
25592,37535,105,2
25595,37537,105,2
25599,37544,90,2
25605,37547,97,3
25628,37552,102,2
25634,3026,105,2
25636,37556,105,2
25640,44594,103,3
25654,38982,84,2
25656,38980,99,2
25659,40164,108,2
25662,38985,84,2
25674,37606,93,2
25676,37604,105,2
25681,37619,112,3
25682,37617,112,3
25685,38992,106,3
25694,45371,106,3
25696,37775,114,3
25697,37647,114,3
25759,44606,103,3
25773,43642,100,3
25779,41951,105,2
25780,52783,105,2
25783,39103,93,2
25796,37800,114,2
25810,37805,109,3
25819,39288,103,3
25822,39286,103,3
25830,44876,123,4
25919,38098,93,2
25927,38101,99,2
25939,39208,97,3
25942,43146,97,3
25944,47478,97,3
25952,39228,97,3
25953,43202,97,3
25954,38560,97,3
25956,43141,97,3
25959,39485,96,2
25962,33534,97,3
25965,44372,96,2
25974,45177,96,2
25977,45179,96,2
25994,38129,87,2
25995,38127,87,2
25996,38130,87,2
26005,38266,16,2
26010,16821,14,2
26018,19029,11,2
26019,38267,16,2
26020,19030,12,2
26022,41379,13,2
26028,25864,13,2
26030,38268,16,2
26039,6864,15,2
26051,5226,11,2
26052,38269,16,2
26055,32335,100,3
26284,18422,0,0
27401,38260,12,2
27402,22929,17,2
27403,39743,12,2
27408,44873,100,3
27410,43184,100,3
27411,43185,100,3
27414,44407,100,3
27415,45101,100,3
27416,39365,100,3
27417,43181,103,3
27418,43193,103,3
27420,43147,103,3
27423,38794,103,3
27427,43205,103,3
27430,43206,103,3
27431,43207,103,3
27433,43186,103,3
27434,43209,103,3
27447,42865,115,3
27451,43084,115,3
27456,42953,115,3
27457,43639,115,3
27458,42927,115,3
27459,42832,115,3
27460,40034,115,3
27461,43015,115,3
27462,42896,115,3
27467,43017,115,3
27475,40830,115,3
27484,5563,115,3
27488,44409,115,3
27494,42885,115,3
27495,43085,115,3
27505,42867,115,3
27506,42997,115,3
27510,42568,115,3
27514,42945,115,3
27519,43086,112,3
27522,42908,115,3
27524,44954,112,3
27525,43087,112,3
27529,40039,115,3
27535,42355,115,3
27537,42446,115,3
27544,39639,115,3
27546,40035,115,3
27547,42987,115,3
27548,42862,115,3
27550,43089,115,3
27551,40036,115,3
27637,38261,100,3
27639,38286,100,3
27640,38263,16,2
27649,38276,100,3
27650,33041,100,3
27653,38285,100,3
27673,43090,115,3
27710,42171,123,4
27725,44422,93,2
27738,42372,115,3
27741,41771,115,3
27742,43026,115,3
27746,43025,115,3
27748,42859,115,3
27755,42868,115,3
27766,40038,115,3
27778,42447,115,3
27779,32087,115,3
27787,42946,112,3
27790,42860,112,3
27791,40836,112,3
27792,40040,112,3
27795,42897,115,3
27796,42443,115,3
27797,43066,115,3
27798,42869,115,3
27802,42573,115,3
27804,43094,115,3
27813,42835,115,3
27814,41884,115,3
27815,40043,115,3
27816,43027,115,3
27818,42969,115,3
27821,42902,115,3
27822,40044,115,3
27825,43020,115,3
27826,42933,115,3
27835,42936,115,3
27840,41777,115,3
27843,43078,115,3
27844,42872,115,3
27848,43024,115,3
27867,42950,115,3
27868,42561,112,3
27870,43037,115,3
27871,40047,115,3
27874,42582,115,3
27875,42578,115,3
27876,41778,115,3
27878,43096,115,3
27886,40048,112,3
27888,42889,112,3
27889,42985,112,3
27891,40049,112,3
27893,42871,112,3
27897,42863,112,3
27900,40051,112,3
27905,41781,115,3
27907,43076,115,3
27909,42572,115,3
27913,43097,115,3
27920,38571,91,3
27921,38572,91,3
27926,38556,91,3
27946,43099,115,3
27948,42448,115,3
27977,42363,115,3
27982,6484,50,1
27987,41791,112,3
27992,32073,5,1
28026,44599,96,2
28027,39689,96,2
28030,39271,97,3
28031,39277,97,3
28034,43101,112,3
28044,38674,90,2
28055,38359,85,3
28064,39635,93,2
28069,38711,91,3
28108,15853,97,3
28134,43423,112,3
28144,20476,12,2
28146,16918,10,2
28147,28045,10,2
28148,22685,10,2
28149,7560,11,2
28150,15248,13,2
28156,28056,17,2
28159,28046,17,2
28164,20087,15,2
28168,39210,103,3
28169,41972,103,3
28173,39666,103,3
28185,42980,112,3
28186,43011,112,3
28188,37290,115,3
28190,43103,115,3
28191,43075,115,3
28192,43057,115,3
28193,43759,115,3
28194,42939,115,3
28202,42456,115,3
28203,42352,115,3
28205,42359,115,3
28210,42212,115,3
28211,43104,115,3
28212,43028,115,3
28217,43105,115,3
28219,42892,115,3
28221,42864,115,3
28222,41784,115,3
28223,43108,115,3
28225,43040,115,3
28228,42579,115,3
28230,42574,115,3
28231,42567,115,3
28248,43109,115,3
28249,43110,115,3
28250,43004,115,3
28251,42961,115,3
28264,43069,115,3
28265,41448,115,3
28278,42370,115,3
28285,42353,115,3
28288,41449,115,3
28293,42069,115,3
28296,39650,115,3
28303,28682,21,2
28304,43005,115,3
28316,43239,115,3
28317,42984,115,3
28321,33808,115,3
28332,40626,123,4
28337,42873,115,3
28339,43071,115,3
28349,42571,115,3
28367,41789,115,3
28370,40413,115,3
28371,43115,115,3
28373,23119,115,3
28384,43059,115,3
28393,39847,115,3
28406,43082,115,3
28427,41389,136,4
28450,40630,123,4
28491,39368,94,3
28493,39706,94,3
28494,39709,94,3
28495,39700,99,2
28496,39701,99,2
28497,39705,99,2
28498,39708,99,2
28512,40497,115,4
28579,39888,115,4
28602,43469,115,4
28660,24160,115,4
28747,42329,115,4
28756,45871,115,4
28759,37311,100,3
28778,43524,125,4
28779,43522,125,4
28800,43531,125,4
28812,39032,115,3
28813,39033,115,3
28815,39035,115,3
28817,37308,115,3
28819,41223,115,3
28822,43535,125,4
28833,42199,115,3
28834,41249,115,3
28838,37895,115,3
28840,37897,115,3
28851,37299,115,3
28854,37301,115,3
28855,37302,115,3
28858,37310,115,3
28861,41229,115,3
28862,41230,115,3
28863,41933,115,3
28864,41231,115,3
28865,41232,115,3
28918,39261,115,3
28923,42073,115,3
28931,42077,115,3
28933,42071,115,3
28935,42078,115,3
28942,42081,115,3
28960,42084,115,3
28984,41275,113,4
29049,45819,120,4
29063,40478,120,4
29064,40651,120,4
29079,40645,120,4
29127,44551,115,3
29136,40329,115,3
29138,40904,115,3
29142,41949,115,3
29157,38541,36,3
29158,28830,40,3
29174,42481,115,3
29176,40901,105,4
29179,40386,115,3
29180,40387,115,3
29238,42606,110,4
29257,42600,110,4
29261,42584,110,4
29262,42585,110,4
29266,42622,110,4
29312,40537,97,3
29315,40539,97,3
29316,39080,103,3
29318,39223,103,3
29328,38542,97,3
29337,40585,100,3
29345,38787,97,3
29347,43125,110,4
29376,42609,110,4
29380,40614,108,2
29389,42614,110,4
29399,40650,93,2
29400,40648,93,2
29456,39310,94,3
29489,40988,112,3
29491,40990,112,3
29493,44267,112,3
29494,44268,112,3
29499,42857,112,3
29500,42858,112,3
29507,41024,105,4
29515,43455,120,4
29521,44102,115,4
29583,41179,20,2
29773,38338,111,2
29921,46088,128,4
29925,46126,128,4
29927,44579,81,2
29928,43932,81,2
29929,43928,81,2
29930,43927,81,2
29936,41518,81,2
29937,43923,81,2
29938,42396,81,2
29941,41525,81,2
29942,43920,81,2
29945,41532,81,2
29946,19769,81,2
29954,41548,108,2
29955,41549,108,2
29959,41550,108,2
29964,41569,52,3
29965,42699,128,4
29969,42995,108,2
29971,41605,52,3
29975,41583,100,3
29978,41828,114,2
29994,46125,138,4
29996,41873,141,4
29998,46076,138,4
29999,41830,108,2
30002,41829,108,2
30014,41838,106,3
30024,46120,128,4
30031,45920,128,4
30039,45915,128,4
30045,46091,128,4
30056,46130,128,4
30057,42650,128,4
30069,41604,52,3
30070,41607,52,3
30074,41616,100,3
30076,41617,100,3
30086,44893,100,3
30088,41631,100,3
30089,41635,100,3
30092,45909,128,4
30093,41638,100,3
30095,42188,134,4
30098,43597,128,4
30099,43599,128,4
30108,47438,141,4
30112,46079,138,4
30114,42299,133,4
30123,42306,133,4
30124,42307,133,4
30127,42310,133,4
30145,45016,133,4
30148,45019,133,4
30150,42290,133,4
30154,42294,133,4
30164,43613,133,4
30167,43618,133,4
30207,42643,133,4
30214,42313,133,4
30226,41779,108,2
30254,41836,114,2
30256,31910,109,3
30258,41800,109,3
30263,41803,108,2
30266,41806,111,2
30271,41811,111,2
30272,42515,111,2
30274,41814,108,2
30285,41818,111,2
30286,41819,111,2
30290,13206,111,2
30293,41858,111,2
30295,41860,108,2
30296,41861,108,2
30300,41916,109,3
30312,41872,175,5
30334,41920,114,2
30336,41926,114,2
30337,41928,114,2
30339,2854,114,2
30340,41936,114,2
30362,15550,108,2
30364,41974,108,2
30379,41967,114,2
30380,26158,114,2
30386,41968,108,2
30398,42519,111,2
30420,9842,29,2
30422,31906,53,2
30460,42102,110,3
30461,42101,110,3
30465,42110,106,3
30486,45972,136,4
30488,47593,136,4
30490,45970,136,4
30505,14739,19,2
30516,43150,108,2
30517,15823,114,2
30570,42336,114,2
30680,41483,115,4
30696,38758,52,3
30709,42681,115,3
30779,42784,115,4
30804,31800,23,3
30836,42917,115,3
30837,42942,112,3
30856,43000,84,2
30885,45737,141,4
30892,45735,141,4
30896,45222,141,4
30897,48291,141,4
30902,45776,151,4
30916,45219,141,4
30918,45346,141,4
30925,43346,109,3
30927,43217,114,2
30928,43218,111,2
30930,43220,114,2
30931,43221,114,2
30933,43222,109,3
30936,38516,114,2
30941,43231,111,2
30942,44550,114,2
30944,43233,109,3
30945,43236,114,2
30946,43237,111,2
30947,43241,111,2
30950,43247,111,2
30953,43252,114,2
30955,44732,111,2
30957,43260,114,2
30959,43272,114,2
30960,43274,111,2
30961,43277,114,2
30966,43283,111,2
30967,43349,109,3
30968,43287,114,2
30975,45658,146,4
30977,45660,146,4
30982,45685,146,4
31016,45668,146,4
31029,45428,146,4
31033,43318,106,3
31047,45667,146,4
31063,45770,146,4
31065,44979,146,4
31072,43384,109,3
31075,43332,109,3
31078,43340,109,3
31080,43360,105,2
31107,43516,109,3
31111,31135,114,2
31115,43490,114,2
31125,43043,85,3
31131,43065,85,3
31133,21963,85,3
31136,43140,88,3
31137,43640,88,3
31138,43045,88,3
31140,42907,88,3
31145,43653,91,3
31149,43073,91,3
31151,42848,94,3
31153,43655,94,3
31158,43667,109,3
31162,43668,109,3
31163,43672,103,3
31172,43681,82,3
31173,30438,94,3
31176,43684,91,3
31177,43686,91,3
31178,40413,94,3
31180,41964,97,3
31183,43695,85,3
31185,27293,85,3
31188,43699,94,3
31195,43702,103,3
31197,43703,103,3
31198,43704,103,3
31201,43705,103,3
31203,43706,103,3
31204,43708,100,3
31209,43713,109,3
31213,43715,109,3
31217,43719,109,3
31220,43724,109,3
31221,43725,103,3
31223,43726,103,3
31224,43727,103,3
31225,33328,103,3
31227,43730,91,3
31228,43729,91,3
31229,43731,91,3
31230,43718,100,3
31231,43732,91,3
31232,43734,91,3
31233,43735,91,3
31234,43736,103,3
31237,43738,103,3
31240,42842,103,3
31242,43740,88,3
31243,43741,88,3
31246,39886,88,3
31247,43743,88,3
31248,43744,88,3
31250,43747,88,3
31258,43120,103,3
31263,44432,18,2
31270,43774,18,2
31272,43761,103,3
31299,43830,115,3
31308,43817,115,3
31314,43823,108,2
31315,43824,108,2
31326,43837,100,4
31329,42615,100,4
31335,42314,100,4
31341,43867,108,2
31382,39124,109,3
31383,39126,109,3
31417,43954,109,3
31419,43989,102,2
31421,43992,102,2
31422,43994,102,2
31425,43997,102,2
31438,44004,105,2
31442,43972,105,2
31443,44006,105,2
31445,44007,105,2
31452,44016,105,2
31454,43982,105,2
31455,44019,105,2
31456,43984,108,2
31458,44022,108,2
31462,44028,115,3
31464,44027,115,3
31472,44121,102,2
31473,44122,102,2
31477,44112,102,2
31479,44113,102,2
31480,44111,102,2
31483,44325,102,2
31486,44105,102,2
31488,44106,102,2
31508,32924,108,2
31510,44124,105,2
31513,44126,105,2
31519,44128,108,2
31520,44131,108,2
31521,44123,105,2
31526,44086,108,2
31531,44066,108,2
31533,44068,108,2
31540,44072,105,2
31547,44077,109,3
31548,44078,109,3
31552,30588,115,3
31555,44167,115,3
31556,44161,115,3
31558,44168,115,3
31560,44881,115,3
31562,44178,115,3
31563,44192,115,3
31565,44187,109,3
31566,44186,115,3
31570,44199,115,3
31571,44208,115,3
31574,44207,115,3
31575,44201,115,3
31579,44224,115,3
31580,44215,115,3
31615,44237,102,2
31617,30696,102,2
31658,44254,90,2
31659,44255,90,2
31661,6739,96,2
31683,44304,108,2
31684,44305,108,2
31687,44307,108,2
31689,44312,108,2
31690,44313,108,2
31711,44322,105,2
31717,44557,88,3
31719,44556,88,3
31720,44555,88,3
31726,43701,94,3
31729,9865,99,2
31733,2708,99,2
31734,44369,99,2
31745,44375,115,3
31758,44418,94,3
31765,44424,99,2
31770,44451,96,2
31786,44484,90,2
31787,44447,90,2
31789,44483,90,2
31790,7570,108,2
31792,44458,108,2
31794,44479,99,2
31797,44482,99,2
31798,44485,99,2
31821,44546,102,2
31935,44633,109,3
31939,44630,109,3
31942,44634,115,3
31998,45958,136,4
32000,45960,136,4
32047,45953,136,4
32048,45954,136,4
32081,44703,110,4
32101,41221,105,4
32113,43573,105,4
32126,41216,105,4
32134,41198,105,4
32136,41201,105,4
32167,41186,105,4
32240,45721,141,4
32254,44960,141,4
32257,45315,141,4
32264,45731,141,4
32265,45730,141,4
32267,45918,128,4
32323,45886,141,4
32325,44962,141,4
32329,47433,141,4
32332,45350,141,4
32337,46490,141,4
32338,45705,141,4
32344,47434,141,4
32348,45492,141,4
32349,45351,141,4
32351,45288,141,4
32393,44829,130,4
32397,44836,130,4
32420,45480,130,4
32472,43889,127,4
32489,35130,141,4
32519,45263,141,4
32524,45476,151,4
32525,45702,151,4
32532,45029,115,3
32541,45050,105,4
32570,45413,141,4
32573,45407,141,4
32577,45403,141,4
32581,45773,141,4
32650,45159,115,3
32654,36540,115,3
32658,45197,115,3
32665,45191,115,3
32694,43551,70,2
32787,46064,136,4
32791,46049,136,4
32797,46052,136,4
32799,46062,136,4
32807,46065,136,4
32813,46043,126,4
32829,45475,109,3
32865,45503,114,2
32866,45505,114,2
32869,45506,114,2
32870,45507,114,2
33173,46324,115,3
33214,46789,132,4
33216,49359,128,4
33228,46430,36,2
33233,46435,40,2
33239,46438,40,2
33240,8712,39,2
33241,46439,40,2
33242,46440,40,2
33243,46441,39,2
33244,46442,39,2
33245,46443,36,2
33247,46444,36,2
33248,38664,37,2
33249,46445,37,2
33250,46446,37,2
33251,46447,39,2
33257,46452,36,2
33258,46463,40,2
33260,46455,39,2
33261,35076,39,2
33268,46458,38,2
33269,46459,37,2
33270,20214,38,2
33274,38651,37,2
33287,46803,128,4
33292,46514,1,3
33296,46805,128,4
33317,48222,128,4
33356,46983,128,4
33446,46989,128,4
33473,46998,133,4
33499,45362,141,4
33517,47024,128,4
33520,47027,128,4
33566,47050,128,4
33583,47060,128,4
33663,47742,146,4
33664,46880,146,4
33672,48262,146,4
33674,46944,146,4
33677,46871,146,4
33678,46872,146,4
33688,46900,146,4
33697,47759,146,4
33703,46938,146,4
33704,46939,146,4
33706,46891,146,4
33709,46895,146,4
33716,47744,146,4
33717,46932,146,4
33727,40368,146,4
33730,49686,146,4
33732,46865,146,4
33791,46839,11,2
33812,44735,146,4
33889,47416,141,4
33892,47403,146,4
33895,47419,146,4
33896,47420,146,4
33902,47423,146,4
34010,47249,141,4
34164,48078,154,4
34167,47988,159,4
34168,47990,159,4
34169,47975,159,4
34177,48511,154,4
34178,48507,154,4
34180,47991,159,4
34183,47996,154,4
34184,48509,154,4
34190,48869,154,4
34192,50016,159,4
34204,48512,154,4
34216,48016,159,4
34229,48013,159,4
34234,48018,159,4
34240,48905,159,4
34242,48871,164,4
34243,48022,164,4
34247,48023,164,4
34333,48024,164,4
34337,48030,164,4
34341,48032,164,4
34344,48306,164,4
34345,48033,164,4
34346,48038,154,4
34351,48039,154,4
34365,48921,159,4
34367,48920,159,4
34369,48912,159,4
34371,48916,159,4
34378,48926,159,4
34379,48928,159,4
34382,48045,159,4
34388,50015,159,4
34399,48384,159,4
34401,48057,159,4
34406,48387,164,4
34422,34708,50,3
34427,48503,154,4
34428,48506,154,4
34429,48505,154,4
34430,48504,154,4
34431,48313,154,4
34433,48314,154,4
34434,48321,154,4
34441,48347,154,4
34485,48355,154,4
34547,48361,154,4
34549,48353,154,4
34554,48352,154,4
34557,48354,154,4
34559,48366,154,4
34562,48367,154,4
34565,48370,154,4
34568,48372,154,4
34570,48364,154,4
34573,48362,154,4
34575,48369,154,4
34601,48174,115,4
34614,48175,125,4
34648,51496,60,2
34655,51501,60,2
34659,49738,60,2
34661,49742,60,3
34667,48061,115,3
34679,48071,115,4
34700,48201,115,3
34716,48228,1,1
34788,48252,115,3
34793,48256,115,3
34795,48257,115,3
34796,48258,115,3
34887,49005,141,4
34892,49114,146,4
34902,48452,141,4
34914,48468,141,4
34916,48467,141,4
34922,48470,141,4
34934,48492,141,4
34936,48494,141,4
34939,48496,141,4
34994,48609,159,4
35004,50005,159,4
35006,50009,159,4
35015,49137,154,4
35018,49138,154,4
35075,49393,154,4
35100,49959,159,4
35136,48672,159,4
35151,48671,159,4
35153,48683,159,4
35168,48684,154,4
35179,48690,154,4
35328,48717,115,3
35333,48726,115,3
35344,48734,115,3
35345,48735,115,3
35346,48736,115,3
35356,48745,115,3
35357,48746,115,3
35367,48752,115,3
35368,48753,115,3
35376,48759,115,3
35379,48762,115,3
35380,48763,115,3
35381,48756,115,3
35382,48757,115,3
35385,48765,115,3
35402,48792,115,3
35405,48795,115,3
35406,48796,115,3
35407,48797,115,3
35408,48798,115,3
35514,48878,110,4
35572,52529,155,3
35573,52436,155,3
35574,49353,155,3
35575,49354,155,3
35577,49358,155,3
35581,46155,112,3
35584,52337,179,3
35585,52336,179,3
35588,52338,179,3
35591,49369,179,3
35595,49373,159,3
35596,52210,159,3
35600,52211,159,3
35603,50507,159,3
35604,52213,159,3
35605,49378,159,3
35607,54506,167,3
35608,54507,167,3
35611,54508,167,3
35613,54509,167,3
35614,54510,167,3
35615,54511,167,3
35618,50599,171,3
35619,52335,171,3
35620,50602,171,3
35632,52216,171,3
35633,50604,171,3
35635,52217,171,3
35637,50609,171,3
35639,50615,171,3
35641,50618,171,3
35642,54988,175,3
35644,54996,175,3
35646,52344,175,3
35649,53207,175,3
35650,52363,175,3
35651,55003,175,3
35653,55004,175,3
35656,51712,163,3
35657,52222,163,3
35658,51713,163,3
35659,52223,163,3
35663,52221,163,3
35664,51717,163,3
35666,51719,163,3
35673,52351,183,3
35675,52353,183,3
35677,51529,183,3
35678,51532,183,3
35682,52362,183,3
35683,51458,183,3
35811,49202,138,2
35812,49203,138,2
35823,49206,138,2
35824,49221,138,2
35832,53642,138,2
35833,49264,138,2
35844,49474,138,2
35846,56328,138,2
35852,49207,138,2
35859,51040,138,2
35861,51072,138,2
35863,51035,138,2
35864,49263,138,2
35865,51454,138,2
35870,49227,138,2
35871,51045,138,2
35880,51038,138,2
35882,49505,138,2
35885,49255,138,2
35887,51088,138,2
35889,56355,138,2
35891,49510,138,2
35892,51235,138,2
35896,51044,138,2
35897,49230,138,2
35898,51062,138,2
35900,51050,138,2
35903,51093,138,2
35905,49247,138,2
35913,51043,138,2
35920,53048,138,2
35925,49229,138,2
35927,51076,138,2
35929,51042,138,2
35936,49267,138,2
35955,52069,130,2
35956,52104,130,2
35957,52219,130,2
35962,52071,130,2
35968,52123,134,2
35969,49538,134,2
35970,52122,134,2
36020,52112,162,2
36022,51837,162,2
36024,52106,162,2
36032,52114,166,2
36035,52110,170,2
36060,52073,182,2
36061,52220,182,2
36064,51781,182,2
36067,49257,130,2
36069,49790,130,2
36086,49912,138,2
36112,49852,150,2
36121,49849,154,2
36137,49898,162,2
36147,49924,170,2
36148,49978,170,2
36151,52517,170,2
36157,49922,174,2
36159,52518,174,2
36160,49929,174,2
36171,49926,182,2
36173,49923,182,2
36178,49983,182,2
36181,52128,130,2
36183,52496,130,2
36184,52155,130,2
36186,51075,130,2
36187,52145,134,2
36188,52146,134,2
36189,52147,134,2
36193,52151,134,2
36207,52498,142,2
36259,57612,170,2
36291,51653,130,2
36292,51657,130,2
36293,51652,130,2
36295,61307,130,2
36296,51658,130,2
36297,51951,130,2
36298,51654,130,2
36300,51131,134,2
36301,51660,134,2
36302,51661,134,2
36303,51207,134,2
36305,51949,134,2
36307,51676,138,2
36308,51669,138,2
36309,51665,138,2
36310,51668,138,2
36311,61308,138,2
36312,51671,138,2
36313,51950,138,2
36314,51672,138,2
36347,51948,158,2
36350,51645,158,2
36355,51953,162,2
36357,52048,162,2
36358,51954,162,2
36360,51955,162,2
36362,51897,162,2
36363,52043,166,2
36366,52042,166,2
36372,52052,170,2
36374,52050,170,2
36381,52053,174,2
36384,52056,174,2
36387,52063,178,2
36395,51771,182,2
36396,51775,182,2
36398,51772,182,2
36399,51773,182,2
36401,51770,182,2
36402,51776,182,2
36403,50050,130,2
36404,50051,134,2
36405,50052,138,2
36406,50053,142,2
36407,50054,146,2
36408,50055,150,2
36410,50057,158,2
36411,50058,162,2
36415,50061,178,2
36416,50062,182,2
36448,52188,142,2
36450,52190,150,2
36453,52186,162,2
36474,50119,134,2
36486,50126,182,2
36493,50202,154,2
36501,50320,130,2
36508,50252,158,2
36509,50253,162,2
36511,50315,170,2
36513,50322,178,2
36521,50265,154,2
36527,50263,178,2
36529,49223,130,2
36530,50334,134,2
36531,50327,138,2
36532,50331,142,2
36553,50345,170,2
36571,50063,130,2
36573,50073,138,2
36576,50070,150,2
36577,50074,154,2
36582,50069,174,2
36584,50066,182,2
36587,50340,138,2
36591,50341,154,2
36595,50339,170,2
36606,50356,158,2
36609,50348,170,2
36613,50149,130,2
36626,50151,182,2
36628,50161,134,2
36633,50165,154,2
36655,50366,130,2
36659,50361,146,2
36682,50131,182,2
36683,50209,130,2
36701,50346,146,2
36872,52817,138,3
36874,24187,138,3
36885,51200,138,2
36938,51204,138,2
36944,50971,187,3
36946,52229,187,3
36947,50974,187,3
36949,52225,187,3
36951,50979,187,3
36954,52230,187,3
36969,52500,187,3
36972,1103,187,3
36973,52231,187,3
36974,52233,187,3
36975,50988,187,3
36976,52227,187,3
36977,52998,187,3
36978,50995,187,3
36984,51922,187,3
36991,52361,187,3
36993,17776,187,3
36995,51932,187,3
36998,56207,138,2
37000,51933,187,3
37005,51154,138,2
37014,50200,138,2
37016,56889,138,2
37039,51268,138,2
37040,53002,187,3
37043,52235,187,3
37050,50515,187,3
37055,52234,187,3
37056,52568,187,3
37060,50509,187,3
37061,50511,187,3
37065,50514,187,3
37069,52232,187,3
37070,55282,187,3
37082,53001,187,3
37083,51598,187,3
37088,51601,187,3
37095,52343,187,3
37099,51602,187,3
37106,51603,187,3
37111,19785,187,3
37112,55984,187,3
37113,52398,187,3
37114,51608,187,3
37175,50917,200,3
37191,51692,200,4
37207,51252,138,2
37208,51188,138,2
37222,52307,200,3
37224,51172,138,2
37225,51556,138,2
37227,49361,138,2
37231,9086,138,2
37237,52995,200,3
37239,51191,138,2
37241,51808,200,4
37245,52312,200,3
37254,7245,200,4
37256,52325,200,3
37260,50998,200,3
37262,52313,200,3
37264,51001,200,3
37270,51194,138,2
37273,51153,138,2
37277,51534,138,2
37283,51218,138,2
37284,51138,138,2
37289,52324,200,3
37294,52492,200,3
37315,56324,138,2
37318,56322,138,2
37325,51217,138,2
37357,51242,138,2
37361,53822,200,4
37367,51700,200,3
37368,51701,200,3
37369,52334,200,3
37374,51702,200,3
37375,51262,138,2
37382,56376,138,2
37386,49848,138,2
37391,51294,138,2
37392,49847,138,2
37393,49911,138,2
37395,51707,200,3
37396,51211,138,2
37406,49851,138,2
37407,51697,200,4
37408,53823,200,4
37417,51066,138,2
37443,51238,138,2
37451,54935,138,2
37462,49800,145,2
37466,56326,138,2
37469,51144,138,2
37472,56321,138,2
37482,51206,138,2
37487,51254,138,2
37505,56330,138,2
37506,56354,138,2
37511,56392,138,2
37514,51133,138,2
37515,51197,138,2
37516,51504,138,2
37525,51277,138,2
37526,51230,138,2
37555,45851,138,2
37556,39927,138,2
37558,52820,138,2
37560,51112,138,2
37562,22639,138,2
37564,51256,138,2
37587,51709,200,3
37591,54513,200,3
37594,54514,200,3
37614,54516,200,3
37615,54501,200,3
37617,54504,200,3
37619,55720,200,4
37628,53118,200,3
37646,53133,200,3
37650,51459,200,3
37653,51512,200,3
37655,52355,200,3
37656,52360,200,3
37657,51518,200,3
37670,53809,200,4
37678,51613,200,3
37679,57604,200,3
37682,50510,200,3
37687,52400,200,3
37714,52565,200,3
37717,52567,200,3
37723,52572,200,3
37730,52620,200,3
37731,52618,200,3
37734,52576,200,3
37743,50506,130,3
37745,50025,130,3
37746,52544,130,3
37752,52464,134,3
37753,52458,138,3
37755,52472,146,3
37756,15063,150,3
37757,52448,154,3
37764,51715,142,3
37767,53372,158,3
37773,52476,138,3
37774,52481,142,3
37775,53371,146,3
37779,52484,166,3
37780,52502,170,3
37781,52487,174,3
37782,52477,134,3
37783,51927,138,3
37785,52509,146,3
37787,52302,154,3
37790,51704,162,3
37792,52450,166,3
37794,52454,174,3
37795,52451,142,3
37796,52453,142,3
37799,52605,200,3
37801,52611,200,3
37803,51691,138,3
37811,52456,146,3
37812,52460,158,3
37813,52449,154,3
37822,52459,170,3
37823,36902,166,3
37826,51934,200,3
37843,52348,200,3
37846,52616,200,3
37851,52357,200,3
37854,53826,200,4
37857,59544,200,3
37872,55012,200,3
37874,55019,200,3
37886,55006,200,4
37940,51301,146,2
37945,51334,146,2
37950,51355,146,2
37953,52624,146,2
37957,51361,146,2
37960,51278,146,2
37961,52626,146,2
37962,53257,146,2
37963,52625,146,2
37964,51359,146,2
37967,51276,146,2
37970,52493,146,2
37984,56470,146,2
37996,51392,146,2
38004,51319,146,2
38007,56372,146,2
38008,51316,146,2
38025,51390,146,2
38026,51358,146,2
38027,59545,146,2
38030,56443,146,2
38034,51320,146,2
38036,51275,146,2
38041,51321,146,2
38045,52303,146,2
38056,51311,146,2
38072,53466,146,2
38088,56370,146,2
38095,51330,146,2
38104,51288,146,2
38105,51302,146,2
38107,51108,146,2
38114,56445,146,2
38115,51346,146,2
38128,50146,146,2
38129,50141,146,2
38137,50144,146,2
38148,51381,146,2
38170,50201,146,2
38174,50206,146,2
38181,50329,146,2
38202,57176,146,2
38206,56894,146,2
38237,53056,138,3
38257,50547,138,3
38258,3673,138,3
38259,7371,138,3
38284,51279,146,2
38295,51424,146,2
38318,51795,20,2
38353,57171,150,3
38355,57172,150,3
38360,54347,150,3
38361,50537,150,3
38364,5562,150,3
38366,54349,150,3
38387,50680,154,3
38401,49794,146,2
38410,53054,142,2
38417,56692,146,2
38419,56690,142,2
38420,51109,138,2
38421,56688,134,2
38422,56691,138,2
38439,51293,150,2
38441,56696,159,3
38444,17171,187,3
38445,18418,187,3
38454,57084,166,3
38455,57083,166,3
38456,57089,166,3
38460,56896,166,3
38461,53470,166,3
38464,57082,166,3
38465,51533,166,3
38468,50603,146,3
38513,46626,13,2
38524,56373,146,2
38530,51413,146,3
38531,51411,146,3
38532,56337,146,3
38533,50753,146,3
38534,50752,146,3
38535,51414,146,3
38540,50772,146,3
38541,50770,146,3
38542,51412,146,3
38590,56676,175,3
38591,56678,171,3
38592,52938,175,3
38614,51531,183,3
38616,51514,200,3
38617,51515,200,3
38618,51163,200,3
38663,51956,70,3
38672,39122,70,3
38760,57689,154,2
38761,57688,154,2
38762,57687,154,2
38763,48007,174,2
38764,45112,174,2
39015,56012,154,2
39023,51307,154,2
39073,56893,138,2
39083,54815,142,2
39086,54814,142,2
39088,54809,142,2
39091,51892,154,2
39109,51382,154,2
39140,35245,200,4
39168,51577,154,3
39169,51576,154,3
39170,51569,154,3
39171,51575,154,3
39172,49876,154,3
39174,51572,154,3
39175,51571,154,3
39176,51574,154,3
39178,51570,154,3
39182,51584,154,3
39191,53833,200,4
39192,53836,200,4
39197,53841,200,4
39239,53884,200,4
39247,54209,200,4
39248,53890,200,4
39254,54227,200,4
39256,55718,200,4
39267,53903,200,4
39273,56612,200,4
39279,54215,200,4
39283,54211,200,4
39285,53915,200,4
39330,51838,162,2
39331,51849,162,2
39332,51851,162,2
39337,51854,162,2
39348,51841,162,2
39363,51842,162,2
39368,51848,162,2
39369,54224,200,4
39378,51868,162,2
39385,51860,162,2
39393,53938,200,4
39402,51858,162,2
39414,51865,174,2
39417,55712,213,4
39440,51878,162,2
39442,51880,162,2
39452,51905,162,2
39454,51907,162,2
39457,51893,162,2
39459,51895,162,2
39460,51896,162,2
39461,51901,162,2
39463,51900,162,2
39465,51898,162,2
39466,51639,162,2
39467,55380,200,4
39471,51903,174,2
39478,56190,162,3
39487,51909,162,3
39497,56474,200,4
39509,51796,20,2
39535,53000,187,3
39536,52613,187,3
39538,56071,200,4
39557,54406,200,4
39564,54281,200,4
39590,57071,200,4
39591,57066,200,4
39605,54403,200,4
39634,54420,200,4
39641,54279,200,4
39642,54301,200,4
39672,52002,162,2
39673,52004,162,2
39675,52005,162,2
39680,50994,155,3
39717,55393,213,4
39720,54703,213,4
39729,55385,213,4
39736,52030,0,0
39756,54803,213,4
39764,55384,213,4
39768,54623,213,4
39771,52403,158,2
39772,52387,158,2
39776,52386,154,2
39777,52373,158,2
39778,56351,158,2
39779,52395,158,2
39780,51073,158,2
39782,51353,158,2
39788,52416,158,2
39792,52439,158,2
39793,52417,158,2
39798,52438,158,2
39799,52425,158,2
39800,52420,158,2
39801,56362,158,2
39803,52408,158,2
39804,52392,158,2
39805,56381,158,2
39809,52441,158,2
39810,52340,158,2
39815,52382,158,2
39825,52378,158,2
39828,52423,158,2
39831,52405,158,2
39842,56349,158,2
39846,56350,158,2
39847,56192,158,2
39848,52419,158,2
39849,52376,158,2
39852,52429,158,2
39854,52412,158,2
39855,52406,158,2
39857,52424,158,2
39860,52428,158,2
39870,52402,158,2
39872,52410,158,2
39882,52393,158,2
39889,53142,158,2
39893,52371,158,2
39894,5116,25,3
39897,52161,25,3
40060,51941,213,4
40063,54704,213,4
40225,52280,1,1
40240,53669,213,4
40261,54843,213,4
40277,54872,213,4
40284,54866,213,4
40288,54867,213,4
40293,52304,162,3
40296,54841,213,4
40306,55386,213,4
40307,52294,200,4
40346,54886,213,4
40347,54914,213,4
40352,54890,213,4
40354,52385,115,3
40363,54912,213,4
40381,54788,213,4
40427,53194,200,4
40431,53285,213,4
40445,55072,213,4
40474,53560,213,4
40512,57062,213,4
40527,55790,213,4
40528,55229,213,4
40530,57006,213,4
40532,45465,226,4
40547,55792,213,4
40554,55493,213,4
40563,55495,213,4
40568,55498,213,4
40573,55209,213,4
40575,55180,213,4
40584,55181,213,4
40592,53672,226,4
40593,52633,115,3
40601,52664,115,3
40670,52861,159,3
40672,54827,167,3
40674,54828,163,3
40675,54829,171,3
40682,53630,200,4
40689,54050,200,4
40721,54667,213,4
40722,54673,213,4
40723,54674,213,4
40742,56996,213,4
40743,56997,213,4
40755,51628,171,3
40757,52480,171,3
40767,36444,167,3
40778,55801,200,3
40779,55500,200,3
40780,55821,200,3
40782,55820,200,4
40783,55806,200,4
40789,58791,232,4
40797,55802,200,3
40798,55841,200,3
40799,55840,200,3
40804,55812,213,4
40806,55836,213,4
40812,60915,251,4
40816,55803,200,3
40817,57533,200,3
40819,55808,200,4
40831,61470,251,4
40836,55804,200,3
40837,55834,200,3
40840,55809,200,4
40842,55833,200,4
40845,55829,213,4
40846,55830,213,4
40856,55805,200,3
40857,55505,200,3
40858,55828,200,3
40859,55810,200,4
40860,55512,200,4
40861,55827,200,4
40869,58860,232,4
40877,55645,200,4
40878,55650,200,4
40882,59251,226,4
40884,62208,245,4
40933,58857,232,4
40942,54816,142,2
40949,54823,146,2
40950,54826,150,2
40952,54074,154,2
40956,54821,154,2
40959,54818,170,2
40977,59246,226,4
40984,61476,245,4
40986,56926,200,3
41010,56936,200,3
41012,56934,213,4
41026,56928,213,4
41048,56948,213,4
41050,56947,200,4
41055,59255,226,4
41056,61466,245,4
41060,59265,226,4
41085,55847,200,4
41114,54076,179,3
41116,54075,175,3
41117,52862,159,3
41121,52868,200,3
41126,54811,163,3
41127,55300,167,3
41129,54810,179,3
41143,59681,232,4
41158,62161,251,4
41181,52941,159,3
41185,52926,175,3
41186,53477,179,3
41188,53478,179,3
41189,52931,179,3
41190,51612,166,3
41202,56968,200,3
41203,55854,200,4
41217,58807,232,4
41234,56971,213,4
41238,56697,167,3
41269,55399,200,3
41271,55404,200,3
41288,60856,251,4
41310,59442,232,4
41321,59411,232,4
41346,52999,187,3
41347,53003,187,3
41348,53004,187,3
41349,53110,187,3
41351,51604,187,3
41353,50991,187,3
41354,51710,187,3
41355,54830,187,3
41356,53007,187,3
41357,53008,187,3
41384,53032,200,4
41387,55311,200,4
41391,53036,200,4
41512,53082,134,2
41522,53087,138,2
41523,53088,146,3
41543,53092,154,2
41544,53093,162,2
41545,53094,158,2
41546,53381,154,2
41549,53097,158,2
41609,55336,200,4
41610,55335,200,4
41617,59416,226,4
41653,55873,200,4
41654,55869,213,4
41673,62212,251,4
41756,53242,158,2
41760,53244,158,2
41763,53243,158,2
41815,60069,175,3
41816,53200,175,3
41828,55749,200,4
41829,57524,158,3
41844,56366,158,3
41846,53235,158,3
41847,55541,200,3
41848,55545,200,3
41858,55890,213,4
41860,61421,251,4
41863,55885,213,4
41867,55570,200,4
41870,60161,251,4
41873,55878,213,4
41877,55644,200,4
41881,59296,226,4
41884,55661,213,4
41885,59301,226,4
41890,53238,158,3
41891,53240,158,3
41892,55670,213,4
41894,61484,245,4
41897,55750,213,4
41907,56444,200,4
41909,59297,226,4
41932,53241,158,3
41943,56437,200,3
41947,60168,251,4
41950,55896,200,4
41960,61423,251,4
41962,55595,200,3
41969,55882,200,4
41984,53250,187,3
41985,53252,187,3
41986,53253,187,3
41987,53255,175,3
41990,56429,200,3
41992,56153,213,4
41997,56163,213,4
42002,56432,200,3
42004,56164,213,4
42008,56428,200,3
42016,56160,213,4
42077,61563,245,4
42095,53270,187,3
42096,53271,187,3
42102,55330,200,4
42206,56240,200,3
42208,56208,213,4
42218,55950,200,3
42221,55953,200,3
42238,58932,232,4
42241,56226,200,4
42275,55954,213,4
42294,55927,200,3
42295,56957,200,3
42296,55965,200,3
42316,55925,200,4
42322,56955,213,4
42323,58961,232,4
42338,53407,167,3
42341,53455,200,3
42344,56241,200,3
42351,56255,200,4
42352,56410,213,4
42388,56248,200,3
42392,60849,245,4
42418,53456,200,3
42446,55933,200,3
42448,56614,200,3
42489,55929,200,4
42521,60836,245,4
42623,51913,0,0
42646,53566,200,4
42723,54817,187,3
42729,53578,187,3
42731,56715,187,3
42758,53633,155,3
42763,56342,155,3
42765,53639,155,3
42766,53627,155,3
42768,53629,155,3
42785,56093,174,2
42787,56034,174,2
42791,56103,174,2
42795,56055,174,2
42803,55908,174,2
42804,56132,174,2
42807,55892,174,2
42809,56579,174,2
42810,51873,174,2
42817,56587,174,2
42826,56018,174,2
42830,56102,174,2
42831,56076,174,2
42832,56596,174,2
42833,56598,174,2
42835,56600,174,2
42844,56105,187,3
42845,55905,174,2
42858,56001,174,2
42872,56098,174,2
42882,56391,174,2
42884,56133,174,2
42891,56590,174,2
42896,56576,174,2
42990,56179,200,4
43056,53970,0,0
43071,54461,115,4
43129,56722,187,3
43130,52333,187,3
43131,53236,187,3
43132,56718,187,3
43133,56716,187,3
43160,54189,158,3
43162,54195,158,3
43163,54196,158,3
43164,57269,175,3
43165,57270,175,3
43168,57264,175,3
43172,57268,175,3
43174,57271,175,3
43177,56875,175,3
43178,56874,175,3
43179,56873,175,3
43190,56027,174,3
43191,56035,174,3
43192,56104,174,3
43193,56072,174,3
43194,56591,174,3
43197,56097,174,3
43200,56131,174,3
43202,56595,174,3
43203,56033,174,3
43204,56026,174,2
43207,56605,187,3
43209,56609,187,3
43211,56610,174,3
43212,56014,187,3
43250,54488,187,3
43256,54952,187,3
43257,56695,187,3
43258,54950,187,3
43260,56701,187,3
43262,54925,187,3
43263,54924,187,3
43265,57622,187,3
43266,57621,187,3
43271,54923,187,3
43273,56719,187,3
43278,54512,167,3
43279,51520,167,3
43283,54522,200,3
43305,51925,179,3
43353,51615,175,3
43363,55000,175,3
43375,55001,175,3
43402,55015,200,3
43433,56706,187,3
43434,56703,187,3
43437,56709,187,3
43438,56705,187,3
43439,56708,187,3
43446,54932,187,3
43448,56736,187,3
43450,56728,187,3
43451,56733,187,3
43452,57620,187,3
43456,56731,187,3
43457,56732,187,3
43460,56712,200,4
43555,54963,200,4
43565,56737,200,4
43566,56738,200,4
43587,55047,213,4
43747,54310,200,4
43768,54397,200,4
43772,54306,200,4
43778,54418,200,4
43809,54253,200,4
43813,51834,200,4
43815,54370,200,4
43817,54271,200,4
43819,54287,200,4
43830,51299,174,2
43833,56343,174,2
43836,56783,174,2
43837,56782,174,2
43838,56786,174,2
43839,56496,174,2
43859,56509,174,2
43860,55301,171,3
43862,56573,174,2
43865,55306,171,3
43871,55309,175,3
43874,56567,174,2
43878,56572,174,2
43908,56359,174,2
43910,56510,174,2
43914,56497,174,2
43916,50210,174,2
43920,50145,174,2
43924,56566,174,2
43926,56558,174,2
43931,56485,174,2
43932,56483,174,2
43934,56561,174,2
43936,56331,174,2
43939,56371,174,2
43943,56563,174,2
43945,56505,174,2
43946,56500,174,2
43969,55370,187,3
43972,55363,187,3
43975,55364,187,3
43976,56374,174,2
43977,56570,174,2
43981,56499,174,2
43988,56114,200,4
44000,56127,213,4
44006,56129,226,4
44014,56514,174,3
44015,56513,174,3
44016,56521,174,3
44018,56522,174,3
44019,56527,174,3
44020,56537,174,3
44021,56539,174,3
44024,56540,174,3
44026,56538,174,3
44027,56070,174,3
44031,56542,174,3
44035,56781,174,3
44036,56516,174,3
44037,56517,174,3
44038,56518,174,3
44041,56523,174,3
44042,56524,174,3
44043,56526,174,3
44046,56532,174,3
44051,55573,187,3
44052,55574,187,3
44054,55608,166,3
44055,55611,166,3
44058,55612,166,3
44062,55607,166,3
44063,55609,200,3
44073,55773,200,4
44108,55698,187,3
44111,55695,187,3
44112,55696,187,3
44116,55757,187,3
44120,55772,187,3
44121,55758,187,3
44123,55771,187,3
44171,55825,187,3
44180,55877,200,4
44188,55943,187,3
44189,55962,187,3
44190,55964,187,3
44196,55993,187,3
44197,55990,187,3
44201,55986,200,3
44202,55987,200,4
44204,55991,200,4
44215,7271,35,3
44219,56080,45,3
44239,56180,187,3
44240,56183,187,3
44243,56196,187,3
44244,56206,200,3
44247,55312,200,3
44256,56260,200,3
44258,56262,200,3
44296,56269,200,4
44309,56301,200,4
44312,56305,200,4
44336,56339,175,3
44337,56664,175,3
44343,56056,167,3
44346,56870,146,3
44349,56872,146,3
44350,56011,163,3
44356,56785,167,3
44357,56787,167,3
44360,51195,159,3
44364,56758,159,3
44367,56774,159,3
44383,56777,183,3
44386,56764,174,3
44387,56766,174,3
44388,56765,174,3
44404,56788,187,3
44407,56789,187,3
44409,56791,187,3
44438,56675,175,3
44440,56680,167,3
44441,56679,171,3
44442,56677,175,3
44443,56672,167,3
44445,56725,175,3
44505,56796,187,3
44583,56868,146,3
44645,56905,80,1
44649,56883,159,3
44662,23713,226,4
44667,56924,159,3
44669,56929,159,3
44670,56930,159,3
44671,56937,167,3
44673,56951,167,3
44674,56953,167,3
44675,56958,167,3
44676,56963,167,3
44677,56964,174,3
44686,56988,175,3
44688,39432,175,3
44697,57051,183,3
44732,57302,183,3
44735,57334,175,3
44736,52928,175,3
44741,45782,183,3
44742,45782,183,3
44745,57384,174,3
44748,50535,174,3
44908,57705,200,4
44910,57706,200,4
44930,57749,200,4
45128,59623,200,4
45134,59702,239,4
45135,58980,239,4
45156,59042,200,3
45181,59043,200,3
45183,59067,200,3
45209,59073,200,3
45213,48508,200,3
45215,59074,200,3
45217,59075,200,3
45241,59695,239,4
45303,11990,219,4
45330,59150,219,4
45332,59376,219,4
45335,58229,219,4
45362,58256,219,4
45363,58257,219,4
45365,59670,219,4
45368,59517,219,4
45372,59611,219,4
45376,58270,219,4
45386,58284,219,4
45387,58331,219,4
45388,58332,219,4
45390,58283,219,4
45401,58293,219,4
45417,59396,219,4
45420,58327,219,4
45445,59197,239,4
45447,44703,226,4
45461,58996,239,4
45472,59706,239,4
45473,59737,239,4
45487,61889,239,4
45521,58910,232,4
45535,59317,239,4
45536,59740,239,4
45551,59224,226,4
45554,59157,226,4
45563,59652,226,4
45566,59433,226,4
45594,59712,239,4
45599,59703,239,4
45609,59321,239,4
45610,59658,239,4
45619,59032,239,4
45629,58418,44,2
45631,18155,54,3
45698,59754,219,4
45712,59138,219,4
45810,55663,200,3
45836,58760,226,4
45839,58762,226,4
45843,58766,226,4
45847,58772,226,4
45871,59327,226,4
45886,58919,232,4
45929,59325,226,4
45931,48009,226,4
45934,58928,219,4
45935,59676,219,4
45945,59308,226,4
45960,58966,239,4
45975,59749,219,4
45982,59163,226,4
45996,58914,219,4
45997,58235,219,4
46021,59316,219,4
46038,59323,226,4
46042,59000,226,4
46057,58776,213,4
46058,58775,213,4
46067,58911,232,4
46075,60344,213,4
46079,58816,213,4
46080,58817,213,4
46081,58820,213,4
46085,58821,213,4
46115,59332,226,4
46116,58969,226,4
46126,59342,226,4
46135,61912,226,4
46143,59659,226,4
46144,59404,226,4
46152,59608,226,4
46154,59602,226,4
46155,59427,226,4
46158,59437,226,4
46164,59446,226,4
46177,59607,226,4
46182,59609,226,4
46198,59486,226,4
46212,59643,226,4
46225,58278,226,4
46228,59051,226,4
46294,58299,226,4
46299,58294,226,4
46320,59001,226,4
46321,59034,226,4
46970,61403,245,4
46976,61401,245,4
46988,61707,245,4
47052,62025,245,4
47081,61234,245,4
47089,61405,245,4
47115,61413,245,4
47150,62290,245,4
47175,60524,200,4
47195,61341,245,4
47197,60532,200,4
47199,60638,200,4
47210,60465,200,4
47217,60536,200,4
47226,60518,200,4
47229,60641,200,4
47230,60549,200,4
47251,61219,245,4
47263,61540,245,4
47299,61181,245,4
47369,59129,0,0
47426,61112,258,4
47483,61657,258,4
47493,60562,219,4
47495,60555,219,4
47511,63410,219,4
47516,60670,258,4
47519,60652,258,4
47592,62052,245,4
47611,62001,232,4
47614,62006,232,4
47620,61170,232,4
47667,62300,245,4
47711,61297,232,4
47718,61984,232,4
47738,61372,232,4
47740,60607,232,4
47745,61243,232,4
47749,61721,232,4
47785,61185,232,4
47786,61717,232,4
47799,62083,232,4
47856,61271,232,4
47860,61226,232,4
47869,61541,232,4
47873,62108,232,4
47876,62115,232,4
47909,61806,232,4
47982,61168,232,4
48067,62067,232,4
48190,61204,232,4
48252,62162,232,4
48264,61828,258,4
48426,60814,258,4
48476,61853,232,4
48478,62012,232,4
48505,62130,232,4
48566,61849,232,4
48630,62111,232,4
48701,61689,245,4
48849,61996,232,4
48867,62040,232,4
48876,62038,232,4
49078,18047,200,4
49783,64744,219,4
49792,64640,219,4
49805,64579,219,4
49806,64562,219,4
49811,64662,219,4
49817,64563,219,4
49832,64647,219,4
49836,64712,219,4
49903,64848,264,4
49964,64572,264,4
49975,64194,264,4
49980,64998,264,4
49995,64668,264,4
50003,64622,264,4
50008,64170,264,4
50037,64571,264,4
50095,64593,251,4
50107,64448,251,4
50108,64446,251,4
50109,64458,251,4
50172,64162,264,4
50174,64173,264,4
50175,64689,264,4
50182,64222,264,4
50186,64227,264,4
50196,64207,232,4
50230,64833,232,4
50234,64853,232,4
50235,67667,232,4
50244,64289,251,4
50264,64552,232,4
50279,64893,251,4
50300,64559,232,4
50303,64755,232,4
50305,64857,232,4
50310,64197,232,4
50318,64373,232,4
50325,64633,251,4
50326,64630,251,4
50341,64923,251,4
50354,64237,264,4
50375,63959,251,4
50376,63958,251,4
50377,63960,251,4
50378,63949,251,4
50392,64258,251,4
50421,64216,264,4
50459,64573,264,4
50462,64615,264,4
50470,64326,264,4
50521,59128,0,0
50640,64587,277,4
50650,64694,277,4
50672,64536,277,4
50679,64503,277,4
50680,64695,277,4
50741,64043,200,3
50760,64516,251,4
50763,64199,251,4
50783,64469,251,4
50786,64775,251,4
50797,65227,251,4
50799,64402,251,4
50803,64174,251,4
50809,64218,251,4
50852,53560,251,4
50885,64085,0,0
50986,64176,251,4
51000,64774,251,4
51001,64229,251,4
51008,64203,251,4
51024,64230,251,4
51138,64494,264,4
51153,65129,264,4
51209,64284,264,4
51221,64577,277,4
51284,64896,277,4
51338,65291,264,4
51342,65178,264,4
51351,65461,264,4
51371,65236,264,4
51381,64225,251,4
51386,64780,251,4
51403,65334,277,4
51414,65247,270,4
51466,65282,270,4
51494,65195,270,4
51498,65219,270,4
51536,65275,270,4
51712,64271,251,4
51797,64352,258,4
51874,64377,264,4
51901,64782,264,4
51908,64477,264,4
51923,64423,264,4
51963,49979,55,3
51964,49925,25,3
51965,49985,35,3
51966,49919,45,3
51968,51783,25,3
51972,52113,55,3
51974,52068,45,3
51976,51883,45,3
51978,52166,25,3
51980,52164,35,3
51981,52165,55,3
51982,52163,55,3
51989,52058,55,3
51990,52057,55,3
51994,50059,25,3
53134,64484,271,4
